# Instruction forms listed by the Intel SDM / XED datafiles, merged with Capstone decode coverage.
# Snapshot of isa_merged.json (plan 1.9.2; regenerated by the Phase 3 generators). Columns:
# mnemonic  encoding  vector_bits  isa_feature(s)  flags (bit3 = not decodable by Capstone 5; bit0 = CPL0)
aaa	legacy	0	I86	50
aad	legacy	0	I86	50
aadd	evex	0	APX_F_RAO_INT	44
aadd	legacy	0	RAO_INT	40
aam	legacy	0	I86	50
aand	evex	0	APX_F_RAO_INT	44
aand	legacy	0	RAO_INT	40
aas	legacy	0	I86	50
adc	evex	0	APX_F+APX_F_N3	100
adc	legacy	0	I86	4144
adcx	evex	0	APX_F_ADX+APX_F_ADX_N3	100
adcx	legacy	0	ADOX_ADCX	48
add	evex	0	APX_F+APX_F_N3	100
add	legacy	0	I86	4144
addpd	legacy	128	SSE2	48
addps	legacy	128	SSE	48
addr32	legacy	0	?	2056
addsd	legacy	128	SSE2	48
addss	legacy	128	SSE	48
addsubpd	legacy	128	SSE3	48
addsubps	legacy	128	SSE3	48
adox	evex	0	APX_F_ADX+APX_F_ADX_N3	100
adox	legacy	0	ADOX_ADCX	48
aesdec	legacy	128	AES	48
aesdec128kl	legacy	128	KEYLOCKER	56
aesdec256kl	legacy	128	KEYLOCKER	56
aesdeclast	legacy	128	AES	48
aesdecwide128kl	legacy	0	KEYLOCKER_WIDE	56
aesdecwide256kl	legacy	0	KEYLOCKER_WIDE	56
aesenc	legacy	128	AES	48
aesenc128kl	legacy	128	KEYLOCKER	56
aesenc256kl	legacy	128	KEYLOCKER	56
aesenclast	legacy	128	AES	48
aesencwide128kl	legacy	0	KEYLOCKER_WIDE	56
aesencwide256kl	legacy	0	KEYLOCKER_WIDE	56
aesimc	legacy	128	AES	48
aeskeygenassist	legacy	128	AES	48
and	evex	0	APX_F+APX_F_N3	100
and	legacy	0	I86	4144
andn	evex	0	APX_F_BMI1+APX_F_BMI1_N3	100
andn	vex	0	BMI1	4144
andnpd	legacy	128	SSE2	48
andnps	legacy	128	SSE	48
andpd	legacy	128	SSE2	48
andps	legacy	128	SSE	48
aor	evex	0	APX_F_RAO_INT	44
aor	legacy	0	RAO_INT	40
arpl	legacy	0	I286PROTECTED	50
axor	evex	0	APX_F_RAO_INT	44
axor	legacy	0	RAO_INT	40
bextr	evex	0	APX_F_BMI1+APX_F_BMI1_N3	100
bextr	vex	0	BMI1	4144
bextr	xop	0	TBM	4128
blcfill	xop	0	TBM	4128
blci	xop	0	TBM	4128
blcic	xop	0	TBM	4128
blcmsk	xop	0	TBM	4128
blcs	xop	0	TBM	4128
blendpd	legacy	128	SSE4	48
blendps	legacy	128	SSE4	48
blendvpd	legacy	128	SSE4	48
blendvps	legacy	128	SSE4	48
blsfill	xop	0	TBM	4128
blsi	evex	0	APX_F_BMI1+APX_F_BMI1_N3	100
blsi	vex	0	BMI1	4144
blsic	xop	0	TBM	4128
blsmsk	evex	0	APX_F_BMI1+APX_F_BMI1_N3	100
blsmsk	vex	0	BMI1	4144
blsr	evex	0	APX_F_BMI1+APX_F_BMI1_N3	100
blsr	vex	0	BMI1	4144
bnd	legacy	0	?	2304
bndcl	legacy	0	MPX	4144
bndcn	legacy	0	MPX	4144
bndcu	legacy	0	MPX	4144
bndldx	legacy	0	MPX	4144
bndmk	legacy	0	MPX	4144
bndmov	legacy	0	MPX	4144
bndstx	legacy	0	MPX	4144
bound	legacy	0	I186	50
bsf	legacy	0	I386	48
bsr	legacy	0	I386	48
bsrinit	vex	0	ACE_1	44
bsrmovf	evex	512	ACE_1	44
bsrmovh	evex	0	ACE_1	44
bsrmovh	evex	512	ACE_1	44
bsrmovl	evex	0	ACE_1	44
bsrmovl	evex	512	ACE_1	44
bswap	legacy	0	I486REAL	48
bt	legacy	0	I386	48
btc	legacy	0	I386	48
btr	legacy	0	I386	48
bts	legacy	0	I386	48
bzhi	evex	0	APX_F_BMI2+APX_F_BMI2_N3	100
bzhi	vex	0	BMI2	4144
call	legacy	0	I86	4144
cbw	legacy	0	I86	4144
ccmpb	evex	0	APX_F_N3	44
ccmpbe	evex	0	APX_F_N3	44
ccmpf	evex	0	APX_F_N3	44
ccmpl	evex	0	APX_F_N3	44
ccmple	evex	0	APX_F_N3	44
ccmpnb	evex	0	APX_F_N3	44
ccmpnbe	evex	0	APX_F_N3	44
ccmpnl	evex	0	APX_F_N3	44
ccmpnle	evex	0	APX_F_N3	44
ccmpno	evex	0	APX_F_N3	44
ccmpns	evex	0	APX_F_N3	44
ccmpnz	evex	0	APX_F_N3	44
ccmpo	evex	0	APX_F_N3	44
ccmps	evex	0	APX_F_N3	44
ccmpt	evex	0	APX_F_N3	44
ccmpz	evex	0	APX_F_N3	44
cdq	legacy	0	I386	4144
cdqe	legacy	0	LONGMODE	52
cfcmovb	evex	0	APX_F_N3	44
cfcmovbe	evex	0	APX_F_N3	44
cfcmovl	evex	0	APX_F_N3	44
cfcmovle	evex	0	APX_F_N3	44
cfcmovnb	evex	0	APX_F_N3	44
cfcmovnbe	evex	0	APX_F_N3	44
cfcmovnl	evex	0	APX_F_N3	44
cfcmovnle	evex	0	APX_F_N3	44
cfcmovno	evex	0	APX_F_N3	44
cfcmovnp	evex	0	APX_F_N3	44
cfcmovns	evex	0	APX_F_N3	44
cfcmovnz	evex	0	APX_F_N3	44
cfcmovo	evex	0	APX_F_N3	44
cfcmovp	evex	0	APX_F_N3	44
cfcmovs	evex	0	APX_F_N3	44
cfcmovz	evex	0	APX_F_N3	44
clac	legacy	0	SMAP	49
clc	legacy	0	I86	48
cld	legacy	0	I86	48
cldemote	legacy	0	CLDEMOTE	304
clflush	legacy	0	CLFSH	48
clflushopt	legacy	0	CLFLUSHOPT	48
clgi	legacy	0	SVM	32
cli	legacy	0	I86	48
clrssbsy	legacy	0	CET	49
clts	legacy	0	I286REAL	49
clui	legacy	0	UINTR	60
clwb	legacy	0	CLWB	48
clzero	legacy	0	CLZERO	32
cmc	legacy	0	I86	48
cmova	evex	0	APX_F_N3	36
cmova	legacy	0	CMOV	48
cmovae	evex	0	APX_F_N3	36
cmovae	legacy	0	CMOV	48
cmovb	evex	0	APX_F_N3	36
cmovb	legacy	0	CMOV	48
cmovbe	evex	0	APX_F_N3	36
cmovbe	legacy	0	CMOV	48
cmove	evex	0	APX_F_N3	36
cmove	legacy	0	CMOV	48
cmovg	evex	0	APX_F_N3	36
cmovg	legacy	0	CMOV	48
cmovge	evex	0	APX_F_N3	36
cmovge	legacy	0	CMOV	48
cmovl	evex	0	APX_F_N3	36
cmovl	legacy	0	CMOV	48
cmovle	evex	0	APX_F_N3	36
cmovle	legacy	0	CMOV	48
cmovne	evex	0	APX_F_N3	36
cmovne	legacy	0	CMOV	48
cmovno	evex	0	APX_F_N3	36
cmovno	legacy	0	CMOV	48
cmovnp	evex	0	APX_F_N3	36
cmovnp	legacy	0	CMOV	48
cmovns	evex	0	APX_F_N3	36
cmovns	legacy	0	CMOV	48
cmovo	evex	0	APX_F_N3	36
cmovo	legacy	0	CMOV	48
cmovp	evex	0	APX_F_N3	36
cmovp	legacy	0	CMOV	48
cmovs	evex	0	APX_F_N3	36
cmovs	legacy	0	CMOV	48
cmp	legacy	0	I86	4144
cmpaexadd	evex	0	APX_F_CMPCCXADD	44
cmpaexadd	vex	0	CMPCCXADD	44
cmpaxadd	evex	0	APX_F_CMPCCXADD	44
cmpaxadd	vex	0	CMPCCXADD	44
cmpbexadd	evex	0	APX_F_CMPCCXADD	44
cmpbexadd	vex	0	CMPCCXADD	60
cmpbxadd	evex	0	APX_F_CMPCCXADD	44
cmpbxadd	vex	0	CMPCCXADD	60
cmpeq_ospd	legacy	128	SSE2	1072
cmpeq_osps	legacy	128	SSE	1072
cmpeq_ossd	legacy	128	SSE2	1072
cmpeq_osss	legacy	128	SSE	1072
cmpeq_uqpd	legacy	128	SSE2	1072
cmpeq_uqps	legacy	128	SSE	1072
cmpeq_uqsd	legacy	128	SSE2	1072
cmpeq_uqss	legacy	128	SSE	1072
cmpeq_uspd	legacy	128	SSE2	1072
cmpeq_usps	legacy	128	SSE	1072
cmpeq_ussd	legacy	128	SSE2	1072
cmpeq_usss	legacy	128	SSE	1072
cmpeqpd	legacy	128	SSE2	1072
cmpeqps	legacy	128	SSE	1072
cmpeqsd	legacy	128	SSE2	1072
cmpeqss	legacy	128	SSE	1072
cmpexadd	evex	0	APX_F_CMPCCXADD	44
cmpexadd	vex	0	CMPCCXADD	44
cmpfalse_ospd	legacy	128	SSE2	1072
cmpfalse_osps	legacy	128	SSE	1072
cmpfalse_ossd	legacy	128	SSE2	1072
cmpfalse_osss	legacy	128	SSE	1072
cmpfalsepd	legacy	128	SSE2	1072
cmpfalseps	legacy	128	SSE	1072
cmpfalsesd	legacy	128	SSE2	1072
cmpfalsess	legacy	128	SSE	1072
cmpge_oqpd	legacy	128	SSE2	1072
cmpge_oqps	legacy	128	SSE	1072
cmpge_oqsd	legacy	128	SSE2	1072
cmpge_oqss	legacy	128	SSE	1072
cmpgepd	legacy	128	SSE2	1072
cmpgeps	legacy	128	SSE	1072
cmpgesd	legacy	128	SSE2	1072
cmpgess	legacy	128	SSE	1072
cmpgexadd	evex	0	APX_F_CMPCCXADD	44
cmpgexadd	vex	0	CMPCCXADD	44
cmpgt_oqpd	legacy	128	SSE2	1072
cmpgt_oqps	legacy	128	SSE	1072
cmpgt_oqsd	legacy	128	SSE2	1072
cmpgt_oqss	legacy	128	SSE	1072
cmpgtpd	legacy	128	SSE2	1072
cmpgtps	legacy	128	SSE	1072
cmpgtsd	legacy	128	SSE2	1072
cmpgtss	legacy	128	SSE	1072
cmpgxadd	evex	0	APX_F_CMPCCXADD	44
cmpgxadd	vex	0	CMPCCXADD	44
cmple_oqpd	legacy	128	SSE2	1072
cmple_oqps	legacy	128	SSE	1072
cmple_oqsd	legacy	128	SSE2	1072
cmple_oqss	legacy	128	SSE	1072
cmplepd	legacy	128	SSE2	1072
cmpleps	legacy	128	SSE	1072
cmplesd	legacy	128	SSE2	1072
cmpless	legacy	128	SSE	1072
cmplexadd	evex	0	APX_F_CMPCCXADD	44
cmplexadd	vex	0	CMPCCXADD	60
cmplt_oqpd	legacy	128	SSE2	1072
cmplt_oqps	legacy	128	SSE	1072
cmplt_oqsd	legacy	128	SSE2	1072
cmplt_oqss	legacy	128	SSE	1072
cmpltpd	legacy	128	SSE2	1072
cmpltps	legacy	128	SSE	1072
cmpltsd	legacy	128	SSE2	1072
cmpltss	legacy	128	SSE	1072
cmplxadd	evex	0	APX_F_CMPCCXADD	44
cmplxadd	vex	0	CMPCCXADD	60
cmpnbexadd	evex	0	APX_F_CMPCCXADD	44
cmpnbexadd	vex	0	CMPCCXADD	60
cmpnbxadd	evex	0	APX_F_CMPCCXADD	44
cmpnbxadd	vex	0	CMPCCXADD	60
cmpneq_oqpd	legacy	128	SSE2	1072
cmpneq_oqps	legacy	128	SSE	1072
cmpneq_oqsd	legacy	128	SSE2	1072
cmpneq_oqss	legacy	128	SSE	1072
cmpneq_ospd	legacy	128	SSE2	1072
cmpneq_osps	legacy	128	SSE	1072
cmpneq_ossd	legacy	128	SSE2	1072
cmpneq_osss	legacy	128	SSE	1072
cmpneq_uspd	legacy	128	SSE2	1072
cmpneq_usps	legacy	128	SSE	1072
cmpneq_ussd	legacy	128	SSE2	1072
cmpneq_usss	legacy	128	SSE	1072
cmpneqpd	legacy	128	SSE2	1072
cmpneqps	legacy	128	SSE	1072
cmpneqsd	legacy	128	SSE2	1072
cmpneqss	legacy	128	SSE	1072
cmpnexadd	evex	0	APX_F_CMPCCXADD	44
cmpnexadd	vex	0	CMPCCXADD	44
cmpnge_uqpd	legacy	128	SSE2	1072
cmpnge_uqps	legacy	128	SSE	1072
cmpnge_uqsd	legacy	128	SSE2	1072
cmpnge_uqss	legacy	128	SSE	1072
cmpngepd	legacy	128	SSE2	1072
cmpngeps	legacy	128	SSE	1072
cmpngesd	legacy	128	SSE2	1072
cmpngess	legacy	128	SSE	1072
cmpngt_uqpd	legacy	128	SSE2	1072
cmpngt_uqps	legacy	128	SSE	1072
cmpngt_uqsd	legacy	128	SSE2	1072
cmpngt_uqss	legacy	128	SSE	1072
cmpngtpd	legacy	128	SSE2	1072
cmpngtps	legacy	128	SSE	1072
cmpngtsd	legacy	128	SSE2	1072
cmpngtss	legacy	128	SSE	1072
cmpnle_uqpd	legacy	128	SSE2	1072
cmpnle_uqps	legacy	128	SSE	1072
cmpnle_uqsd	legacy	128	SSE2	1072
cmpnle_uqss	legacy	128	SSE	1072
cmpnlepd	legacy	128	SSE2	1072
cmpnleps	legacy	128	SSE	1072
cmpnlesd	legacy	128	SSE2	1072
cmpnless	legacy	128	SSE	1072
cmpnlexadd	evex	0	APX_F_CMPCCXADD	44
cmpnlexadd	vex	0	CMPCCXADD	60
cmpnlt_uqpd	legacy	128	SSE2	1072
cmpnlt_uqps	legacy	128	SSE	1072
cmpnlt_uqsd	legacy	128	SSE2	1072
cmpnlt_uqss	legacy	128	SSE	1072
cmpnltpd	legacy	128	SSE2	1072
cmpnltps	legacy	128	SSE	1072
cmpnltsd	legacy	128	SSE2	1072
cmpnltss	legacy	128	SSE	1072
cmpnlxadd	evex	0	APX_F_CMPCCXADD	44
cmpnlxadd	vex	0	CMPCCXADD	60
cmpnoxadd	evex	0	APX_F_CMPCCXADD	44
cmpnoxadd	vex	0	CMPCCXADD	60
cmpnpxadd	evex	0	APX_F_CMPCCXADD	44
cmpnpxadd	vex	0	CMPCCXADD	60
cmpnsxadd	evex	0	APX_F_CMPCCXADD	44
cmpnsxadd	vex	0	CMPCCXADD	60
cmpnzxadd	evex	0	APX_F_CMPCCXADD	44
cmpnzxadd	vex	0	CMPCCXADD	60
cmpord_spd	legacy	128	SSE2	1072
cmpord_sps	legacy	128	SSE	1072
cmpord_ssd	legacy	128	SSE2	1072
cmpord_sss	legacy	128	SSE	1072
cmpordpd	legacy	128	SSE2	1072
cmpordps	legacy	128	SSE	1072
cmpordsd	legacy	128	SSE2	1072
cmpordss	legacy	128	SSE	1072
cmpoxadd	evex	0	APX_F_CMPCCXADD	44
cmpoxadd	vex	0	CMPCCXADD	60
cmppd	legacy	128	SSE2	48
cmpps	legacy	128	SSE	48
cmppxadd	evex	0	APX_F_CMPCCXADD	44
cmppxadd	vex	0	CMPCCXADD	60
cmpsb	legacy	0	I86	48
cmpsd	legacy	0	I386	4144
cmpsd	legacy	128	SSE2	48
cmpsq	legacy	0	LONGMODE	52
cmpss	legacy	128	SSE	48
cmpsw	legacy	0	I86	4144
cmpsxadd	evex	0	APX_F_CMPCCXADD	44
cmpsxadd	vex	0	CMPCCXADD	60
cmptrue_uspd	legacy	128	SSE2	1072
cmptrue_usps	legacy	128	SSE	1072
cmptrue_ussd	legacy	128	SSE2	1072
cmptrue_usss	legacy	128	SSE	1072
cmptruepd	legacy	128	SSE2	1072
cmptrueps	legacy	128	SSE	1072
cmptruesd	legacy	128	SSE2	1072
cmptruess	legacy	128	SSE	1072
cmpunord_spd	legacy	128	SSE2	1072
cmpunord_sps	legacy	128	SSE	1072
cmpunord_ssd	legacy	128	SSE2	1072
cmpunord_sss	legacy	128	SSE	1072
cmpunordpd	legacy	128	SSE2	1072
cmpunordps	legacy	128	SSE	1072
cmpunordsd	legacy	128	SSE2	1072
cmpunordss	legacy	128	SSE	1072
cmpxchg	legacy	0	I486REAL	48
cmpxchg16b	legacy	0	CMPXCHG16B	52
cmpxchg8b	legacy	0	PENTIUMREAL	4144
cmpzxadd	evex	0	APX_F_CMPCCXADD	44
cmpzxadd	vex	0	CMPCCXADD	60
comisd	legacy	128	SSE2	48
comiss	legacy	128	SSE	48
cpuid	legacy	0	I486REAL	48
cqo	legacy	0	LONGMODE	52
crc32	evex	0	APX_F	36
crc32	legacy	0	SSE42	48
ctestb	evex	0	APX_F_N3	44
ctestbe	evex	0	APX_F_N3	44
ctestf	evex	0	APX_F_N3	44
ctestl	evex	0	APX_F_N3	44
ctestle	evex	0	APX_F_N3	44
ctestnb	evex	0	APX_F_N3	44
ctestnbe	evex	0	APX_F_N3	44
ctestnl	evex	0	APX_F_N3	44
ctestnle	evex	0	APX_F_N3	44
ctestno	evex	0	APX_F_N3	44
ctestns	evex	0	APX_F_N3	44
ctestnz	evex	0	APX_F_N3	44
ctesto	evex	0	APX_F_N3	44
ctests	evex	0	APX_F_N3	44
ctestt	evex	0	APX_F_N3	44
ctestz	evex	0	APX_F_N3	44
cvtdq2pd	legacy	128	SSE2	48
cvtdq2ps	legacy	128	SSE2	48
cvtpd2dq	legacy	128	SSE2	48
cvtpd2pi	legacy	64	SSE2	32
cvtpd2pi	legacy	128	SSE2	48
cvtpd2ps	legacy	128	SSE2	48
cvtpi2pd	legacy	128	SSE2	48
cvtpi2ps	legacy	128	SSE	48
cvtps2dq	legacy	128	SSE2	48
cvtps2pd	legacy	128	SSE2	48
cvtps2pi	legacy	64	SSE	32
cvtps2pi	legacy	128	SSE	48
cvtsd2si	legacy	0	SSE2	32
cvtsd2si	legacy	128	SSE2	48
cvtsd2ss	legacy	128	SSE2	48
cvtsi2sd	legacy	128	SSE2	48
cvtsi2ss	legacy	128	SSE	48
cvtss2sd	legacy	128	SSE2	48
cvtss2si	legacy	0	SSE	32
cvtss2si	legacy	128	SSE	48
cvttpd2dq	legacy	128	SSE2	48
cvttpd2pi	legacy	64	SSE2	32
cvttpd2pi	legacy	128	SSE2	48
cvttps2dq	legacy	128	SSE2	48
cvttps2pi	legacy	64	SSE	32
cvttps2pi	legacy	128	SSE	48
cvttsd2si	legacy	0	SSE2	32
cvttsd2si	legacy	128	SSE2	48
cvttss2si	legacy	0	SSE	32
cvttss2si	legacy	128	SSE	48
cwd	legacy	0	I86	4144
cwde	legacy	0	I386	4144
daa	legacy	0	I86	50
das	legacy	0	I86	50
data16	legacy	0	?	2048
dec	evex	0	APX_F+APX_F_N3	100
dec	legacy	0	I86	4144
div	evex	0	APX_F+APX_F_N3	100
div	legacy	0	I86	48
divpd	legacy	128	SSE2	48
divps	legacy	128	SSE	48
divsd	legacy	128	SSE2	48
divss	legacy	128	SSE	48
dppd	legacy	128	SSE4	48
dpps	legacy	128	SSE4	48
emms	legacy	0	PENTIUMMMX	48
encls	legacy	0	SGX	33
enclu	legacy	0	SGX	32
enclv	legacy	0	SGX_ENCLV	32
encodekey128	legacy	0	KEYLOCKER	56
encodekey256	legacy	0	KEYLOCKER	56
endbr32	legacy	0	CET	304
endbr64	legacy	0	CET	304
enqcmd	evex	0	APX_F_ENQCMD	44
enqcmd	legacy	0	ENQCMD	56
enqcmds	evex	0	APX_F_ENQCMD	45
enqcmds	legacy	0	ENQCMD	57
enter	legacy	0	I186	48
erets	legacy	0	FRED	61
eretu	legacy	0	FRED	61
extractps	legacy	128	SSE4	48
extrq	legacy	128	SSE4a	32
f2xm1	legacy	0	X87	48
fabs	legacy	0	X87	48
fadd	legacy	0	X87	48
faddp	legacy	0	X87	48
fbld	legacy	0	X87	48
fbstp	legacy	0	X87	48
fchs	legacy	0	X87	48
fclex	legacy	0	?	24
fcmovb	legacy	0	FCMOV	48
fcmovbe	legacy	0	FCMOV	48
fcmove	legacy	0	FCMOV	48
fcmovnb	legacy	0	FCMOV	48
fcmovnbe	legacy	0	FCMOV	48
fcmovne	legacy	0	FCMOV	48
fcmovnp	legacy	0	FCMOV	32
fcmovnu	legacy	0	FCMOV	48
fcmovu	legacy	0	FCMOV	48
fcom	legacy	0	X87	48
fcomi	legacy	0	FCOMI	48
fcomip	legacy	0	FCOMI	56
fcomp	legacy	0	X87	48
fcompi	legacy	0	FCOMI	32
fcompp	legacy	0	X87	48
fcos	legacy	0	X87	48
fdecstp	legacy	0	X87	48
fdisi8087_nop	legacy	0	X87	32
fdiv	legacy	0	X87	48
fdivp	legacy	0	X87	48
fdivr	legacy	0	X87	48
fdivrp	legacy	0	X87	48
femms	legacy	0	3DNOW	32
feni8087_nop	legacy	0	X87	32
ffree	legacy	0	X87	48
ffreep	legacy	0	X87	32
fiadd	legacy	0	X87	48
ficom	legacy	0	X87	48
ficomp	legacy	0	X87	48
fidiv	legacy	0	X87	48
fidivr	legacy	0	X87	48
fild	legacy	0	X87	48
fimul	legacy	0	X87	48
fincstp	legacy	0	X87	48
finit	legacy	0	?	24
fist	legacy	0	X87	48
fistp	legacy	0	X87	48
fisttp	legacy	0	SSE3X87	48
fisub	legacy	0	X87	48
fisubr	legacy	0	X87	48
fld	legacy	0	X87	48
fld1	legacy	0	X87	48
fldcw	legacy	0	X87	48
fldenv	legacy	0	X87	4144
fldl2e	legacy	0	X87	48
fldl2t	legacy	0	X87	48
fldlg2	legacy	0	X87	48
fldln2	legacy	0	X87	48
fldpi	legacy	0	X87	48
fldz	legacy	0	X87	48
fmul	legacy	0	X87	48
fmulp	legacy	0	X87	48
fnclex	legacy	0	X87	48
fninit	legacy	0	X87	48
fnop	legacy	0	X87	48
fnsave	legacy	0	X87	4144
fnstcw	legacy	0	X87	48
fnstenv	legacy	0	X87	4144
fnstsw	legacy	0	X87	48
fpatan	legacy	0	X87	48
fprem	legacy	0	X87	48
fprem1	legacy	0	X87	48
fptan	legacy	0	X87	48
frndint	legacy	0	X87	48
frstor	legacy	0	X87	4144
fsave	legacy	0	?	24
fscale	legacy	0	X87	48
fsetpm	legacy	0	X87	32
fsin	legacy	0	X87	48
fsincos	legacy	0	X87	48
fsqrt	legacy	0	X87	48
fst	legacy	0	X87	48
fstcw	legacy	0	?	24
fstenv	legacy	0	?	24
fstp	legacy	0	X87	48
fstpnce	legacy	0	X87	32
fstsw	legacy	0	?	24
fsub	legacy	0	X87	48
fsubp	legacy	0	X87	48
fsubr	legacy	0	X87	48
fsubrp	legacy	0	X87	48
ftst	legacy	0	X87	48
fucom	legacy	0	X87	48
fucomi	legacy	0	FCOMI	48
fucomip	legacy	0	FCOMI	56
fucomp	legacy	0	X87	48
fucompi	legacy	0	FCOMI	32
fucompp	legacy	0	X87	48
fxam	legacy	0	X87	48
fxch	legacy	0	X87	48
fxrstor	legacy	0	FXSAVE	48
fxrstor64	legacy	0	FXSAVE64	48
fxsave	legacy	0	FXSAVE	48
fxsave64	legacy	0	FXSAVE64	48
fxtract	legacy	0	X87	48
fyl2x	legacy	0	X87	48
fyl2xp1	legacy	0	X87	48
getsec	legacy	0	SMX	32
gf2p8affineinvqb	legacy	128	GFNI	48
gf2p8affineqb	legacy	128	GFNI	48
gf2p8mulb	legacy	128	GFNI	48
haddpd	legacy	128	SSE3	48
haddps	legacy	128	SSE3	48
hlt	legacy	0	I86	49
hreset	legacy	0	HRESET	57
hsubpd	legacy	128	SSE3	48
hsubps	legacy	128	SSE3	48
ibhf	legacy	0	IBHF	40
idiv	evex	0	APX_F+APX_F_N3	100
idiv	legacy	0	I86	48
imul	evex	0	APX_F+APX_F_N3	100
imul	legacy	0	I186+I86	48
in	legacy	0	I86	48
inc	evex	0	APX_F+APX_F_N3	100
inc	legacy	0	I86	4144
incsspd	legacy	0	CET	48
incsspq	legacy	0	CET	52
insb	legacy	0	I186	48
insd	legacy	0	I386	4144
insertps	legacy	128	SSE4	48
insertq	legacy	128	SSE4a	32
insw	legacy	0	I186	4144
int	legacy	0	I86	48
int1	legacy	0	I86	48
int3	legacy	0	I86	48
into	legacy	0	I86	50
invd	legacy	0	I486REAL	49
invept	evex	0	APX_F_VMX	37
invept	legacy	0	VTX	4129
invlpg	legacy	0	I486REAL	49
invlpga	legacy	0	SVM	33
invlpgb	legacy	0	AMD_INVLPGB	41
invpcid	evex	0	APX_F_INVPCID	37
invpcid	legacy	0	INVPCID	4145
invvpid	evex	0	APX_F_VMX	37
invvpid	legacy	0	VTX	4129
iret	legacy	0	I86	4144
iretd	legacy	0	I386	4144
iretq	legacy	0	LONGMODE	52
ja	legacy	0	I86	4144
jae	legacy	0	I86	4144
jb	legacy	0	I86	4144
jbe	legacy	0	I86	4144
jcxz	legacy	0	I386	50
je	legacy	0	I86	4144
jecxz	legacy	0	I386	4144
jg	legacy	0	I86	4144
jge	legacy	0	I86	4144
jl	legacy	0	I86	4144
jle	legacy	0	I86	4144
jmp	legacy	0	I86	4144
jmpabs	legacy	0	APX_F	44
jne	legacy	0	I86	4144
jno	legacy	0	I86	4144
jnp	legacy	0	I86	4144
jns	legacy	0	I86	4144
jo	legacy	0	I86	4144
jp	legacy	0	I86	4144
jrcxz	legacy	0	LONGMODE	48
js	legacy	0	I86	4144
kaddb	vex	0	AVX512DQ_KOPB	48
kaddd	vex	0	AVX512BW_KOPD	48
kaddq	vex	0	AVX512BW_KOPQ	48
kaddw	vex	0	AVX512DQ_KOPW	48
kandb	vex	0	AVX512DQ_KOPB	48
kandd	vex	0	AVX512BW_KOPD	48
kandnb	vex	0	AVX512DQ_KOPB	48
kandnd	vex	0	AVX512BW_KOPD	48
kandnq	vex	0	AVX512BW_KOPQ	48
kandnw	vex	0	AVX512F_KOPW	48
kandq	vex	0	AVX512BW_KOPQ	48
kandw	vex	0	AVX512F_KOPW	48
kmovb	evex	0	APX_F_KOPB	36
kmovb	vex	0	AVX512DQ_KOPB	48
kmovd	evex	0	APX_F_KOPD	36
kmovd	vex	0	AVX512BW_KOPD	4144
kmovq	evex	0	APX_F_KOPQ	36
kmovq	vex	0	AVX512BW_KOPQ	48
kmovw	evex	0	APX_F_KOPW	36
kmovw	vex	0	AVX512F_KOPW	48
knotb	vex	0	AVX512DQ_KOPB	48
knotd	vex	0	AVX512BW_KOPD	48
knotq	vex	0	AVX512BW_KOPQ	48
knotw	vex	0	AVX512F_KOPW	48
korb	vex	0	AVX512DQ_KOPB	48
kord	vex	0	AVX512BW_KOPD	48
korq	vex	0	AVX512BW_KOPQ	48
kortestb	vex	0	AVX512DQ_KOPB	48
kortestd	vex	0	AVX512BW_KOPD	48
kortestq	vex	0	AVX512BW_KOPQ	48
kortestw	vex	0	AVX512F_KOPW	48
korw	vex	0	AVX512F_KOPW	48
kshiftlb	vex	0	AVX512DQ_KOPB	48
kshiftld	vex	0	AVX512BW_KOPD	48
kshiftlq	vex	0	AVX512BW_KOPQ	48
kshiftlw	vex	0	AVX512F_KOPW	48
kshiftrb	vex	0	AVX512DQ_KOPB	48
kshiftrd	vex	0	AVX512BW_KOPD	48
kshiftrq	vex	0	AVX512BW_KOPQ	48
kshiftrw	vex	0	AVX512F_KOPW	48
ktestb	vex	0	AVX512DQ_KOPB	48
ktestd	vex	0	AVX512BW_KOPD	48
ktestq	vex	0	AVX512BW_KOPQ	48
ktestw	vex	0	AVX512DQ_KOPW	48
kunpckbw	vex	0	AVX512F_KOPW	48
kunpckdq	vex	0	AVX512BW_KOPQ	48
kunpckwd	vex	0	AVX512BW_KOPD	48
kxnorb	vex	0	AVX512DQ_KOPB	48
kxnord	vex	0	AVX512BW_KOPD	48
kxnorq	vex	0	AVX512BW_KOPQ	48
kxnorw	vex	0	AVX512F_KOPW	48
kxorb	vex	0	AVX512DQ_KOPB	48
kxord	vex	0	AVX512BW_KOPD	48
kxorq	vex	0	AVX512BW_KOPQ	48
kxorw	vex	0	AVX512F_KOPW	48
lahf	legacy	0	LAHF	48
lar	legacy	0	I286PROTECTED	48
lcall	legacy	0	I86	4128
lddqu	legacy	128	SSE3	48
ldmxcsr	legacy	0	SSEMXCSR	48
lds	legacy	0	I86	50
ldtilecfg	evex	0	APX_F_AMX_BASE	44
ldtilecfg	vex	0	AMX_TILE_BASE	60
lea	legacy	0	I86	48
leave	legacy	0	I186	48
les	legacy	0	I86	50
lfence	legacy	0	SSE2	48
lfs	legacy	0	I386	48
lgdt	legacy	0	I286REAL	4145
lgs	legacy	0	I386	48
lidt	legacy	0	I286REAL	4145
ljmp	legacy	0	I86	4128
lkgs	legacy	0	LKGS	61
lldt	legacy	0	I286PROTECTED	49
llwpcb	xop	0	LWP	32
lmsw	legacy	0	I286REAL	49
loadiwkey	legacy	128	KEYLOCKER	57
lock	legacy	0	?	16
lodsb	legacy	0	I86	48
lodsd	legacy	0	I386	4144
lodsq	legacy	0	LONGMODE	52
lodsw	legacy	0	I86	4144
loop	legacy	0	I86	48
loope	legacy	0	I86	48
loopne	legacy	0	I86	48
lsl	legacy	0	I286PROTECTED	48
lss	legacy	0	I386	48
ltr	legacy	0	I286PROTECTED	49
lwpins	xop	0	LWP	32
lwpval	xop	0	LWP	32
lzcnt	evex	0	APX_F_LZCNT+APX_F_LZCNT_N3	612
lzcnt	legacy	0	AMD+LZCNT	560
maskmovdqu	legacy	128	SSE2	48
maskmovq	legacy	64	PENTIUMMMX	48
maxpd	legacy	128	SSE2	48
maxps	legacy	128	SSE	48
maxsd	legacy	128	SSE2	48
maxss	legacy	128	SSE	48
mcommit	legacy	0	MCOMMIT	40
mfence	legacy	0	SSE2	48
minpd	legacy	128	SSE2	48
minps	legacy	128	SSE	48
minsd	legacy	128	SSE2	48
minss	legacy	128	SSE	48
monitor	legacy	0	MONITOR	4145
monitorx	legacy	0	MONITORX	4128
montmul	legacy	0	VIA_PADLOCK_MONTMUL	32
mov	legacy	0	I86	4272
movabs	legacy	0	I86	32
movapd	legacy	128	SSE2	48
movaps	legacy	128	SSE	48
movbe	evex	0	APX_F_MOVBE	36
movbe	legacy	0	MOVBE	48
movd	legacy	64	PENTIUMMMX	4144
movd	legacy	128	SSE2	4144
movddup	legacy	128	SSE3	48
movdir64b	evex	0	APX_F_MOVDIR64B	36
movdir64b	legacy	0	MOVDIR64B	4144
movdiri	evex	0	APX_F_MOVDIRI	36
movdiri	legacy	0	MOVDIRI	48
movdq2q	legacy	128	SSE2	48
movdqa	legacy	128	SSE2	48
movdqu	legacy	128	SSE2	48
movhlps	legacy	128	SSE	48
movhpd	legacy	128	SSE2	48
movhps	legacy	128	SSE	48
movlhps	legacy	128	SSE	48
movlpd	legacy	128	SSE2	48
movlps	legacy	128	SSE	48
movmskpd	legacy	128	SSE2	48
movmskps	legacy	128	SSE	48
movntdq	legacy	128	SSE2	48
movntdqa	legacy	128	SSE4	48
movnti	legacy	0	SSE2	4144
movntpd	legacy	128	SSE2	48
movntps	legacy	128	SSE	48
movntq	legacy	64	PENTIUMMMX	48
movntsd	legacy	128	SSE4a	32
movntss	legacy	128	SSE4a	32
movq	legacy	64	PENTIUMMMX	48
movq	legacy	128	SSE2	48
movq2dq	legacy	128	SSE2	48
movrs	evex	0	APX_F_MOVRS	44
movrs	legacy	0	MOVRS	44
movsb	legacy	0	I86	48
movsd	legacy	0	I386	4144
movsd	legacy	128	SSE2	48
movshdup	legacy	128	SSE3	48
movsldup	legacy	128	SSE3	48
movsq	legacy	0	LONGMODE	52
movss	legacy	128	SSE	48
movsw	legacy	0	I86	4144
movsx	legacy	0	I386	4144
movsxd	legacy	0	LONGMODE	52
movupd	legacy	128	SSE2	48
movups	legacy	128	SSE	48
movzx	legacy	0	I386	4144
mpsadbw	legacy	128	SSE4	48
mul	evex	0	APX_F+APX_F_N3	100
mul	legacy	0	I86	48
mulpd	legacy	128	SSE2	48
mulps	legacy	128	SSE	48
mulsd	legacy	128	SSE2	48
mulss	legacy	128	SSE	48
mulx	evex	0	APX_F_BMI2	36
mulx	vex	0	BMI2	4144
mwait	legacy	0	MONITOR	49
mwaitx	legacy	0	MONITORX	32
neg	evex	0	APX_F+APX_F_N3	100
neg	legacy	0	I86	48
nop	legacy	0	FAT_NOP+I86+PPRO+PREFETCH_NOP	48
nop2	legacy	0	I86	40
nop3	legacy	0	FAT_NOP	40
nop4	legacy	0	FAT_NOP	40
nop5	legacy	0	FAT_NOP	40
nop6	legacy	0	FAT_NOP	40
nop7	legacy	0	FAT_NOP	40
nop8	legacy	0	FAT_NOP	40
nop9	legacy	0	FAT_NOP	40
not	evex	0	APX_F+APX_F_N3	100
not	legacy	0	I86	48
notrack	legacy	0	?	2056
or	evex	0	APX_F+APX_F_N3	100
or	legacy	0	I86	4144
orpd	legacy	128	SSE2	48
orps	legacy	128	SSE	48
out	legacy	0	I86	48
outsb	legacy	0	I186	48
outsd	legacy	0	I386	4144
outsw	legacy	0	I186	4144
pabsb	legacy	64	SSSE3MMX	32
pabsb	legacy	128	SSSE3	48
pabsd	legacy	64	SSSE3MMX	32
pabsd	legacy	128	SSSE3	48
pabsw	legacy	64	SSSE3MMX	32
pabsw	legacy	128	SSSE3	48
packssdw	legacy	64	PENTIUMMMX	32
packssdw	legacy	128	SSE2	48
packsswb	legacy	64	PENTIUMMMX	32
packsswb	legacy	128	SSE2	48
packusdw	legacy	128	SSE4	48
packuswb	legacy	64	PENTIUMMMX	32
packuswb	legacy	128	SSE2	48
paddb	legacy	64	PENTIUMMMX	32
paddb	legacy	128	SSE2	48
paddd	legacy	64	PENTIUMMMX	32
paddd	legacy	128	SSE2	48
paddq	legacy	64	SSE2MMX	32
paddq	legacy	128	SSE2	48
paddsb	legacy	64	PENTIUMMMX	32
paddsb	legacy	128	SSE2	48
paddsw	legacy	64	PENTIUMMMX	32
paddsw	legacy	128	SSE2	48
paddusb	legacy	64	PENTIUMMMX	32
paddusb	legacy	128	SSE2	48
paddusw	legacy	64	PENTIUMMMX	32
paddusw	legacy	128	SSE2	48
paddw	legacy	64	PENTIUMMMX	32
paddw	legacy	128	SSE2	48
palignr	legacy	64	SSSE3MMX	32
palignr	legacy	128	SSSE3	48
pand	legacy	64	PENTIUMMMX	32
pand	legacy	128	SSE2	48
pandn	legacy	64	PENTIUMMMX	32
pandn	legacy	128	SSE2	48
pause	legacy	0	PAUSE	48
pavgb	legacy	64	PENTIUMMMX	32
pavgb	legacy	128	SSE2	32
pavgusb	legacy	64	3DNOW	32
pavgw	legacy	64	PENTIUMMMX	32
pavgw	legacy	128	SSE2	48
pblendvb	legacy	128	SSE4	48
pblendw	legacy	128	SSE4	48
pbndkb	legacy	0	PBNDKB	61
pclmulqdq	legacy	128	PCLMULQDQ	48
pcmpeqb	legacy	64	PENTIUMMMX	32
pcmpeqb	legacy	128	SSE2	48
pcmpeqd	legacy	64	PENTIUMMMX	32
pcmpeqd	legacy	128	SSE2	48
pcmpeqq	legacy	128	SSE4	48
pcmpeqw	legacy	64	PENTIUMMMX	32
pcmpeqw	legacy	128	SSE2	48
pcmpestri	legacy	128	SSE42	4128
pcmpestrm	legacy	128	SSE42	4128
pcmpgtb	legacy	64	PENTIUMMMX	32
pcmpgtb	legacy	128	SSE2	48
pcmpgtd	legacy	64	PENTIUMMMX	32
pcmpgtd	legacy	128	SSE2	48
pcmpgtq	legacy	128	SSE42	48
pcmpgtw	legacy	64	PENTIUMMMX	32
pcmpgtw	legacy	128	SSE2	48
pcmpistri	legacy	128	SSE42	4128
pcmpistrm	legacy	128	SSE42	32
pconfig	legacy	0	PCONFIG	4145
pdep	evex	0	APX_F_BMI2	36
pdep	vex	0	BMI2	4144
pext	evex	0	APX_F_BMI2	36
pext	vex	0	BMI2	4144
pextrb	legacy	128	SSE4	48
pextrd	legacy	128	SSE4	48
pextrq	legacy	128	SSE4	52
pextrw	legacy	64	PENTIUMMMX	32
pextrw	legacy	128	SSE2+SSE4	112
pf2id	legacy	64	3DNOW	32
pf2iw	legacy	64	3DNOW	32
pfacc	legacy	64	3DNOW	32
pfadd	legacy	64	3DNOW	32
pfcmpeq	legacy	64	3DNOW	32
pfcmpge	legacy	64	3DNOW	32
pfcmpgt	legacy	64	3DNOW	32
pfmax	legacy	64	3DNOW	32
pfmin	legacy	64	3DNOW	32
pfmul	legacy	64	3DNOW	32
pfnacc	legacy	64	3DNOW	32
pfpnacc	legacy	64	3DNOW	32
pfrcp	legacy	64	3DNOW	32
pfrcpit1	legacy	64	3DNOW	32
pfrcpit2	legacy	64	3DNOW	32
pfrsqit1	legacy	64	3DNOW	32
pfrsqrt	legacy	64	3DNOW	32
pfsub	legacy	64	3DNOW	32
pfsubr	legacy	64	3DNOW	32
phaddd	legacy	64	SSSE3MMX	48
phaddd	legacy	128	SSSE3	48
phaddsw	legacy	64	SSSE3MMX	32
phaddsw	legacy	128	SSSE3	48
phaddw	legacy	64	SSSE3MMX	32
phaddw	legacy	128	SSSE3	48
phminposuw	legacy	128	SSE4	48
phsubd	legacy	64	SSSE3MMX	48
phsubd	legacy	128	SSSE3	48
phsubsw	legacy	64	SSSE3MMX	32
phsubsw	legacy	128	SSSE3	48
phsubw	legacy	64	SSSE3MMX	32
phsubw	legacy	128	SSSE3	48
pi2fd	legacy	64	3DNOW	32
pi2fw	legacy	64	3DNOW	32
pinsrb	legacy	128	SSE4	48
pinsrd	legacy	128	SSE4	48
pinsrq	legacy	128	SSE4	52
pinsrw	legacy	64	PENTIUMMMX	32
pinsrw	legacy	128	SSE2	48
pmaddubsw	legacy	64	SSSE3MMX	32
pmaddubsw	legacy	128	SSSE3	48
pmaddwd	legacy	64	PENTIUMMMX	32
pmaddwd	legacy	128	SSE2	48
pmaxsb	legacy	128	SSE4	48
pmaxsd	legacy	128	SSE4	48
pmaxsw	legacy	64	PENTIUMMMX	32
pmaxsw	legacy	128	SSE2	48
pmaxub	legacy	64	PENTIUMMMX	32
pmaxub	legacy	128	SSE2	48
pmaxud	legacy	128	SSE4	48
pmaxuw	legacy	128	SSE4	48
pminsb	legacy	128	SSE4	48
pminsd	legacy	128	SSE4	48
pminsw	legacy	64	PENTIUMMMX	32
pminsw	legacy	128	SSE2	48
pminub	legacy	64	PENTIUMMMX	32
pminub	legacy	128	SSE2	48
pminud	legacy	128	SSE4	48
pminuw	legacy	128	SSE4	48
pmovmskb	legacy	64	SSE	32
pmovmskb	legacy	128	SSE2	48
pmovsxbd	legacy	128	SSE4	32
pmovsxbq	legacy	128	SSE4	32
pmovsxbw	legacy	128	SSE4	32
pmovsxdq	legacy	128	SSE4	32
pmovsxwd	legacy	128	SSE4	32
pmovsxwq	legacy	128	SSE4	32
pmovzxbd	legacy	128	SSE4	32
pmovzxbq	legacy	128	SSE4	32
pmovzxbw	legacy	128	SSE4	32
pmovzxdq	legacy	128	SSE4	32
pmovzxwd	legacy	128	SSE4	32
pmovzxwq	legacy	128	SSE4	32
pmuldq	legacy	128	SSE4	48
pmulhrsw	legacy	64	SSSE3MMX	32
pmulhrsw	legacy	128	SSSE3	48
pmulhrw	legacy	64	3DNOW	32
pmulhuw	legacy	64	PENTIUMMMX	32
pmulhuw	legacy	128	SSE2	48
pmulhw	legacy	64	PENTIUMMMX	32
pmulhw	legacy	128	SSE2	48
pmulld	legacy	128	SSE4	48
pmullw	legacy	64	PENTIUMMMX	32
pmullw	legacy	128	SSE2	48
pmuludq	legacy	64	SSE2MMX	32
pmuludq	legacy	128	SSE2	48
pop	legacy	0	I86	4144
pop2	evex	0	APX_F_N3	44
pop2p	evex	0	APX_F_N3	44
popal	legacy	0	I386	50
popaw	legacy	0	I186	50
popcnt	evex	0	APX_F_POPCNT+APX_F_POPCNT_N3	100
popcnt	legacy	0	POPCNT	48
popf	legacy	0	I86	4144
popfd	legacy	0	I386	50
popfl	legacy	0	I386	42
popfq	legacy	0	LONGMODE	52
popp	legacy	0	APX_F	44
por	legacy	64	PENTIUMMMX	32
por	legacy	128	SSE2	48
prefetch	legacy	0	PREFETCH_NOP	288
prefetchit0	legacy	0	ICACHE_PREFETCH	56
prefetchit1	legacy	0	ICACHE_PREFETCH	56
prefetchnta	legacy	0	SSE_PREFETCH	304
prefetchrst2	legacy	0	MOVRS	40
prefetcht0	legacy	0	SSE_PREFETCH	304
prefetcht1	legacy	0	SSE_PREFETCH	304
prefetcht2	legacy	0	SSE_PREFETCH	304
prefetchw	legacy	0	PREFETCH_NOP	304
prefetchwt1	legacy	0	PREFETCHWT1	288
psadbw	legacy	64	PENTIUMMMX	32
psadbw	legacy	128	SSE2	48
pshufb	legacy	64	SSSE3MMX	32
pshufb	legacy	128	SSSE3	48
pshufd	legacy	128	SSE2	48
pshufhw	legacy	128	SSE2	48
pshuflw	legacy	128	SSE2	48
pshufw	legacy	64	PENTIUMMMX	48
psignb	legacy	64	SSSE3MMX	32
psignb	legacy	128	SSSE3	48
psignd	legacy	64	SSSE3MMX	32
psignd	legacy	128	SSSE3	48
psignw	legacy	64	SSSE3MMX	32
psignw	legacy	128	SSSE3	48
pslld	legacy	64	PENTIUMMMX	32
pslld	legacy	128	SSE2	48
pslldq	legacy	128	SSE2	48
psllq	legacy	64	PENTIUMMMX	32
psllq	legacy	128	SSE2	48
psllw	legacy	64	PENTIUMMMX	48
psllw	legacy	128	SSE2	48
psmash	legacy	0	SNP	45
psrad	legacy	64	PENTIUMMMX	32
psrad	legacy	128	SSE2	48
psraw	legacy	64	PENTIUMMMX	32
psraw	legacy	128	SSE2	48
psrld	legacy	64	PENTIUMMMX	32
psrld	legacy	128	SSE2	48
psrldq	legacy	128	SSE2	48
psrlq	legacy	64	PENTIUMMMX	32
psrlq	legacy	128	SSE2	48
psrlw	legacy	64	PENTIUMMMX	32
psrlw	legacy	128	SSE2	48
psubb	legacy	64	PENTIUMMMX	32
psubb	legacy	128	SSE2	48
psubd	legacy	64	PENTIUMMMX	32
psubd	legacy	128	SSE2	48
psubq	legacy	64	SSE2MMX	32
psubq	legacy	128	SSE2	48
psubsb	legacy	64	PENTIUMMMX	32
psubsb	legacy	128	SSE2	48
psubsw	legacy	64	PENTIUMMMX	32
psubsw	legacy	128	SSE2	48
psubusb	legacy	64	PENTIUMMMX	32
psubusb	legacy	128	SSE2	48
psubusw	legacy	64	PENTIUMMMX	32
psubusw	legacy	128	SSE2	48
psubw	legacy	64	PENTIUMMMX	32
psubw	legacy	128	SSE2	48
pswapd	legacy	64	3DNOW	32
ptest	legacy	128	SSE4	48
ptwrite	legacy	0	PTWRITE	48
punpckhbw	legacy	64	PENTIUMMMX	32
punpckhbw	legacy	128	SSE2	48
punpckhdq	legacy	64	PENTIUMMMX	32
punpckhdq	legacy	128	SSE2	48
punpckhqdq	legacy	128	SSE2	48
punpckhwd	legacy	64	PENTIUMMMX	32
punpckhwd	legacy	128	SSE2	48
punpcklbw	legacy	64	PENTIUMMMX	32
punpcklbw	legacy	128	SSE2	48
punpckldq	legacy	64	PENTIUMMMX	32
punpckldq	legacy	128	SSE2	48
punpcklqdq	legacy	128	SSE2	48
punpcklwd	legacy	64	PENTIUMMMX	32
punpcklwd	legacy	128	SSE2	48
push	legacy	0	I186+I86	4144
push2	evex	0	APX_F_N3	44
push2p	evex	0	APX_F_N3	44
pushal	legacy	0	I386	50
pushaw	legacy	0	I186	50
pushf	legacy	0	I86	4144
pushfd	legacy	0	I386	50
pushfl	legacy	0	I386	42
pushfq	legacy	0	LONGMODE	52
pushp	legacy	0	APX_F	44
pvalidate	legacy	0	SNP	41
pxor	legacy	64	PENTIUMMMX	32
pxor	legacy	128	SSE2	48
rcl	evex	0	APX_F+APX_F_N3	100
rcl	legacy	0	I186+I86	48
rcpps	legacy	128	SSE	48
rcpss	legacy	128	SSE	48
rcr	evex	0	APX_F+APX_F_N3	100
rcr	legacy	0	I186+I86	48
rdfsbase	legacy	0	RDWRFSGS	52
rdgsbase	legacy	0	RDWRFSGS	52
rdmsr	evex	0	APX_F_MSR_IMM	37
rdmsr	legacy	0	PENTIUMREAL	49
rdmsr	vex	0	MSR_IMM	53
rdmsrlist	legacy	0	MSRLIST	61
rdpid	legacy	0	RDPID	4144
rdpkru	legacy	0	PKU	48
rdpmc	legacy	0	RDPMC	48
rdpru	legacy	0	RDPRU	40
rdrand	legacy	0	RDRAND	48
rdseed	legacy	0	RDSEED	48
rdsspd	legacy	0	CET	304
rdsspq	legacy	0	CET	308
rdtsc	legacy	0	PENTIUMREAL	48
rdtscp	legacy	0	RDTSCP	48
rep	legacy	0	?	2048
repe	legacy	0	?	2048
repne	legacy	0	?	2048
repnz	legacy	0	?	2056
repz	legacy	0	?	2048
ret	legacy	0	I86	48
retf	legacy	0	I86	32
retfq	legacy	0	I86	32
rex64	legacy	0	?	2048
rmpadjust	legacy	0	SNP	45
rmpupdate	legacy	0	SNP	45
rol	evex	0	APX_F+APX_F_N3	100
rol	legacy	0	I186+I86	48
ror	evex	0	APX_F+APX_F_N3	100
ror	legacy	0	I186+I86	48
rorx	evex	0	APX_F_BMI2	36
rorx	vex	0	BMI2	4144
roundpd	legacy	128	SSE4	48
roundps	legacy	128	SSE4	48
roundsd	legacy	128	SSE4	48
roundss	legacy	128	SSE4	48
rsm	legacy	0	I486	48
rsqrtps	legacy	128	SSE	48
rsqrtss	legacy	128	SSE	48
rstorssp	legacy	0	CET	32
sahf	legacy	0	LAHF	48
sal	evex	0	APX_F+APX_F_N3	100
sal	legacy	0	I186+I86	48
salc	legacy	0	I86	34
sar	evex	0	APX_F+APX_F_N3	100
sar	legacy	0	I186+I86	48
sarx	evex	0	APX_F_BMI2	36
sarx	vex	0	BMI2	4144
saveprevssp	legacy	0	CET	48
sbb	evex	0	APX_F+APX_F_N3	100
sbb	legacy	0	I86	4144
scasb	legacy	0	I86	48
scasd	legacy	0	I386	4144
scasq	legacy	0	LONGMODE	52
scasw	legacy	0	I86	4144
seamcall	legacy	0	TDX	45
seamops	legacy	0	TDX	45
seamret	legacy	0	TDX	45
senduipi	legacy	0	UINTR	60
serialize	legacy	0	SERIALIZE	56
seta	evex	0	APX_F_N3	36
seta	legacy	0	I386	48
setae	evex	0	APX_F_N3	36
setae	legacy	0	I386	48
setb	evex	0	APX_F_N3	36
setb	legacy	0	I386	48
setbe	evex	0	APX_F_N3	36
setbe	legacy	0	I386	48
sete	evex	0	APX_F_N3	36
sete	legacy	0	I386	48
setg	evex	0	APX_F_N3	36
setg	legacy	0	I386	48
setge	evex	0	APX_F_N3	36
setge	legacy	0	I386	48
setl	evex	0	APX_F_N3	36
setl	legacy	0	I386	48
setle	evex	0	APX_F_N3	36
setle	legacy	0	I386	48
setne	evex	0	APX_F_N3	36
setne	legacy	0	I386	48
setno	evex	0	APX_F_N3	36
setno	legacy	0	I386	48
setnp	evex	0	APX_F_N3	36
setnp	legacy	0	I386	48
setns	evex	0	APX_F_N3	36
setns	legacy	0	I386	48
seto	evex	0	APX_F_N3	36
seto	legacy	0	I386	48
setp	evex	0	APX_F_N3	36
setp	legacy	0	I386	48
sets	evex	0	APX_F_N3	36
sets	legacy	0	I386	48
setssbsy	legacy	0	CET	49
sfence	legacy	0	SSE	48
sgdt	legacy	0	I286REAL	4144
sha1msg1	legacy	128	SHA	48
sha1msg2	legacy	128	SHA	48
sha1nexte	legacy	128	SHA	48
sha1rnds4	legacy	128	SHA	48
sha256msg1	legacy	128	SHA	48
sha256msg2	legacy	128	SHA	48
sha256rnds2	legacy	128	SHA	48
shl	evex	0	APX_F+APX_F_N3	100
shl	legacy	0	I186+I86	48
shld	evex	0	APX_F+APX_F_N3	100
shld	legacy	0	I386	48
shlx	evex	0	APX_F_BMI2	36
shlx	vex	0	BMI2	4144
shr	evex	0	APX_F+APX_F_N3	100
shr	legacy	0	I186+I86	48
shrd	evex	0	APX_F+APX_F_N3	100
shrd	legacy	0	I386	48
shrx	evex	0	APX_F_BMI2	36
shrx	vex	0	BMI2	4144
shufpd	legacy	128	SSE2	48
shufps	legacy	128	SSE	48
sidt	legacy	0	I286REAL	4144
skinit	legacy	0	SVM	32
sldt	legacy	0	I286PROTECTED	48
slwpcb	xop	0	LWP	32
smsw	legacy	0	I286REAL	48
sqrtpd	legacy	128	SSE2	48
sqrtps	legacy	128	SSE	48
sqrtsd	legacy	128	SSE2	48
sqrtss	legacy	128	SSE	48
stac	legacy	0	SMAP	49
stc	legacy	0	I86	48
std	legacy	0	I86	48
stgi	legacy	0	SVM	32
sti	legacy	0	I86	48
stmxcsr	legacy	0	SSEMXCSR	48
stosb	legacy	0	I86	48
stosd	legacy	0	I386	4144
stosq	legacy	0	LONGMODE	52
stosw	legacy	0	I86	4144
str	legacy	0	I286PROTECTED	48
sttilecfg	evex	0	APX_F_AMX_BASE	44
sttilecfg	vex	0	AMX_TILE_BASE	60
stui	legacy	0	UINTR	60
sub	evex	0	APX_F+APX_F_N3	100
sub	legacy	0	I86	4144
subpd	legacy	128	SSE2	48
subps	legacy	128	SSE	48
subsd	legacy	128	SSE2	48
subss	legacy	128	SSE	48
swapgs	legacy	0	LONGMODE	53
syscall	legacy	0	AMD+LONGMODE	4208
sysenter	legacy	0	SEP	4144
sysexit	legacy	0	SEP	4145
sysexitq	legacy	0	SEP	4129
sysret	legacy	0	AMD+LONGMODE	4209
sysretq	legacy	0	LONGMODE	37
t1mskc	xop	0	TBM	4128
tcmmimfp16ps	vex	0	AMX_COMPLEX	60
tcmmrlfp16ps	vex	0	AMX_COMPLEX	60
tcvtrowd2ps	evex	512	AMX_AVX512	44
tcvtrowps2bf16h	evex	512	AMX_AVX512	44
tcvtrowps2bf16l	evex	512	AMX_AVX512	44
tcvtrowps2phh	evex	512	AMX_AVX512	44
tcvtrowps2phl	evex	512	AMX_AVX512	44
tdcall	legacy	0	TDX	4137
tdpbf16ps	vex	0	AMX_BF16	60
tdpbf8ps	vex	0	AMX_FP8	44
tdpbhf8ps	vex	0	AMX_FP8	44
tdpbssd	vex	0	AMX_INT8	60
tdpbsud	vex	0	AMX_INT8	60
tdpbusd	vex	0	AMX_INT8	60
tdpbuud	vex	0	AMX_INT8	60
tdpfp16ps	vex	0	AMX_FP16	60
tdphbf8ps	vex	0	AMX_FP8	44
tdphf8ps	vex	0	AMX_FP8	44
test	legacy	0	I86	48
testui	legacy	0	UINTR	60
tileloadd	evex	0	APX_F_AMX	44
tileloadd	vex	0	AMX_TILE	60
tileloaddrs	evex	0	APX_F_AMX_MOVRS	44
tileloaddrs	vex	0	AMX_MOVRS	44
tileloaddrst1	evex	0	APX_F_AMX_MOVRS	44
tileloaddrst1	vex	0	AMX_MOVRS	44
tileloaddt1	evex	0	APX_F_AMX	44
tileloaddt1	vex	0	AMX_TILE	60
tilemovcol	evex	512	ACE_1	44
tilemovrow	evex	512	ACE_1+AMX_AVX512	108
tilerelease	vex	0	AMX_TILE_BASE	60
tilestored	evex	0	APX_F_AMX	44
tilestored	vex	0	AMX_TILE	60
tilezero	vex	0	AMX_TILE_BASE	60
tlbsync	legacy	0	AMD_INVLPGB	41
top2bf16ps	evex	512	ACE_1	44
top4bssd	evex	512	ACE_1	44
top4bsud	evex	512	ACE_1	44
top4busd	evex	512	ACE_1	44
top4buud	evex	512	ACE_1	44
top4mxbf8ps	evex	512	ACE_1	44
top4mxbhf8ps	evex	512	ACE_1	44
top4mxbssps	evex	512	ACE_1	44
top4mxhbf8ps	evex	512	ACE_1	44
top4mxhf8ps	evex	512	ACE_1	44
tpause	legacy	0	WAITPKG	48
tzcnt	evex	0	APX_F_BMI1+APX_F_BMI1_N3	612
tzcnt	legacy	0	BMI1	560
tzmsk	xop	0	TBM	4128
ucomisd	legacy	128	SSE2	48
ucomiss	legacy	128	SSE	48
ud0	legacy	0	PPRO_UD0_LONG+PPRO_UD0_SHORT	48
ud1	legacy	0	PPRO	48
ud2	legacy	0	PPRO	48
udb	legacy	0	I86	60
uiret	legacy	0	UINTR	60
umonitor	legacy	0	WAITPKG	48
umwait	legacy	0	WAITPKG	48
unpckhpd	legacy	128	SSE2	48
unpckhps	legacy	128	SSE	48
unpcklpd	legacy	128	SSE2	48
unpcklps	legacy	128	SSE	48
urdmsr	evex	0	APX_F_USER_MSR	44
urdmsr	legacy	0	USER_MSR	60
urdmsr	vex	0	USER_MSR	60
uwrmsr	evex	0	APX_F_USER_MSR	44
uwrmsr	legacy	0	USER_MSR	60
uwrmsr	vex	0	USER_MSR	60
v4fmaddps	evex	512	AVX512_4FMAPS_512	32
v4fmaddss	evex	128	AVX512_4FMAPS_SCALAR	32
v4fnmaddps	evex	512	AVX512_4FMAPS_512	32
v4fnmaddss	evex	128	AVX512_4FMAPS_SCALAR	32
vaddbf16	evex	128	AVX10_2_BF16_128	40
vaddbf16	evex	256	AVX10_2_BF16_256	40
vaddbf16	evex	512	AVX10_2_BF16_512	40
vaddpd	evex	128	AVX512F_128	48
vaddpd	evex	256	AVX512F_256	48
vaddpd	evex	512	AVX512F_512	48
vaddpd	vex	128	AVX	48
vaddpd	vex	256	AVX	48
vaddph	evex	128	AVX512_FP16_128	56
vaddph	evex	256	AVX512_FP16_256	56
vaddph	evex	512	AVX512_FP16_512	56
vaddps	evex	128	AVX512F_128	48
vaddps	evex	256	AVX512F_256	48
vaddps	evex	512	AVX512F_512	48
vaddps	vex	128	AVX	48
vaddps	vex	256	AVX	48
vaddsd	evex	128	AVX512F_SCALAR	48
vaddsd	vex	128	AVX	48
vaddsh	evex	128	AVX512_FP16_SCALAR	56
vaddss	evex	128	AVX512F_SCALAR	48
vaddss	vex	128	AVX	48
vaddsubpd	vex	128	AVX	48
vaddsubpd	vex	256	AVX	48
vaddsubps	vex	128	AVX	48
vaddsubps	vex	256	AVX	48
vaesdec	evex	128	AVX512_VAES_128	48
vaesdec	evex	256	AVX512_VAES_256	48
vaesdec	evex	512	AVX512_VAES_512	48
vaesdec	vex	128	AVXAES	48
vaesdec	vex	256	VAES	48
vaesdeclast	evex	128	AVX512_VAES_128	48
vaesdeclast	evex	256	AVX512_VAES_256	48
vaesdeclast	evex	512	AVX512_VAES_512	48
vaesdeclast	vex	128	AVXAES	48
vaesdeclast	vex	256	VAES	48
vaesenc	evex	128	AVX512_VAES_128	48
vaesenc	evex	256	AVX512_VAES_256	48
vaesenc	evex	512	AVX512_VAES_512	48
vaesenc	vex	128	AVXAES	48
vaesenc	vex	256	VAES	48
vaesenclast	evex	128	AVX512_VAES_128	48
vaesenclast	evex	256	AVX512_VAES_256	48
vaesenclast	evex	512	AVX512_VAES_512	48
vaesenclast	vex	128	AVXAES	48
vaesenclast	vex	256	VAES	48
vaesimc	vex	128	AVXAES	48
vaeskeygenassist	vex	128	AVXAES	48
valignd	evex	128	AVX512F_128	48
valignd	evex	256	AVX512F_256	48
valignd	evex	512	AVX512F_512	48
valignq	evex	128	AVX512F_128	48
valignq	evex	256	AVX512F_256	48
valignq	evex	512	AVX512F_512	48
vandnpd	evex	128	AVX512DQ_128	48
vandnpd	evex	256	AVX512DQ_256	48
vandnpd	evex	512	AVX512DQ_512	48
vandnpd	vex	128	AVX	48
vandnpd	vex	256	AVX	48
vandnps	evex	128	AVX512DQ_128	48
vandnps	evex	256	AVX512DQ_256	48
vandnps	evex	512	AVX512DQ_512	48
vandnps	vex	128	AVX	48
vandnps	vex	256	AVX	48
vandpd	evex	128	AVX512DQ_128	48
vandpd	evex	256	AVX512DQ_256	48
vandpd	evex	512	AVX512DQ_512	48
vandpd	vex	128	AVX	48
vandpd	vex	256	AVX	48
vandps	evex	128	AVX512DQ_128	48
vandps	evex	256	AVX512DQ_256	48
vandps	evex	512	AVX512DQ_512	48
vandps	vex	128	AVX	48
vandps	vex	256	AVX	48
vbcstnebf162ps	vex	128	AVX_NE_CONVERT	56
vbcstnebf162ps	vex	256	AVX_NE_CONVERT	56
vbcstnesh2ps	vex	128	AVX_NE_CONVERT	56
vbcstnesh2ps	vex	256	AVX_NE_CONVERT	56
vblendmpd	evex	128	AVX512F_128	48
vblendmpd	evex	256	AVX512F_256	48
vblendmpd	evex	512	AVX512F_512	48
vblendmps	evex	128	AVX512F_128	48
vblendmps	evex	256	AVX512F_256	48
vblendmps	evex	512	AVX512F_512	48
vblendpd	vex	128	AVX	48
vblendpd	vex	256	AVX	48
vblendps	vex	128	AVX	48
vblendps	vex	256	AVX	48
vblendvpd	vex	128	AVX	48
vblendvpd	vex	256	AVX	48
vblendvps	vex	128	AVX	48
vblendvps	vex	256	AVX	48
vbroadcastf128	vex	256	AVX	48
vbroadcastf32x2	evex	256	AVX512DQ_256	48
vbroadcastf32x2	evex	512	AVX512DQ_512	48
vbroadcastf32x4	evex	256	AVX512F_256	48
vbroadcastf32x4	evex	512	AVX512F_512	48
vbroadcastf32x8	evex	512	AVX512DQ_512	48
vbroadcastf64x2	evex	256	AVX512DQ_256	48
vbroadcastf64x2	evex	512	AVX512DQ_512	48
vbroadcastf64x4	evex	512	AVX512F_512	48
vbroadcasti128	vex	256	AVX2	48
vbroadcasti32x2	evex	128	AVX512DQ_128	32
vbroadcasti32x2	evex	256	AVX512DQ_256	32
vbroadcasti32x2	evex	512	AVX512DQ_512	32
vbroadcasti32x4	evex	256	AVX512F_256	48
vbroadcasti32x4	evex	512	AVX512F_512	48
vbroadcasti32x8	evex	512	AVX512DQ_512	48
vbroadcasti64x2	evex	256	AVX512DQ_256	48
vbroadcasti64x2	evex	512	AVX512DQ_512	48
vbroadcasti64x4	evex	512	AVX512F_512	48
vbroadcastsd	evex	256	AVX512F_256	48
vbroadcastsd	evex	512	AVX512F_512	48
vbroadcastsd	vex	256	AVX+AVX2	112
vbroadcastss	evex	128	AVX512F_128	48
vbroadcastss	evex	256	AVX512F_256	48
vbroadcastss	evex	512	AVX512F_512	48
vbroadcastss	vex	128	AVX+AVX2	112
vbroadcastss	vex	256	AVX+AVX2	112
vcmpbf16	evex	128	AVX10_2_BF16_128	40
vcmpbf16	evex	256	AVX10_2_BF16_256	40
vcmpbf16	evex	512	AVX10_2_BF16_512	40
vcmpeq_ospd	evex	128	AVX512F_128	1072
vcmpeq_ospd	evex	256	AVX512F_256	1072
vcmpeq_ospd	evex	512	AVX512F_512	1072
vcmpeq_ospd	vex	128	AVX	1072
vcmpeq_ospd	vex	256	AVX	1072
vcmpeq_osph	evex	128	AVX512_FP16_128	1072
vcmpeq_osph	evex	256	AVX512_FP16_256	1072
vcmpeq_osph	evex	512	AVX512_FP16_512	1072
vcmpeq_osps	evex	128	AVX512F_128	1072
vcmpeq_osps	evex	256	AVX512F_256	1072
vcmpeq_osps	evex	512	AVX512F_512	1072
vcmpeq_osps	vex	128	AVX	1072
vcmpeq_osps	vex	256	AVX	1072
vcmpeq_ossd	evex	128	AVX512F_SCALAR	1072
vcmpeq_ossd	vex	128	AVX	1072
vcmpeq_ossh	evex	128	AVX512_FP16_SCALAR	1072
vcmpeq_osss	evex	128	AVX512F_SCALAR	1072
vcmpeq_osss	vex	128	AVX	1072
vcmpeq_uqpd	evex	128	AVX512F_128	1072
vcmpeq_uqpd	evex	256	AVX512F_256	1072
vcmpeq_uqpd	evex	512	AVX512F_512	1072
vcmpeq_uqpd	vex	128	AVX	1072
vcmpeq_uqpd	vex	256	AVX	1072
vcmpeq_uqph	evex	128	AVX512_FP16_128	1072
vcmpeq_uqph	evex	256	AVX512_FP16_256	1072
vcmpeq_uqph	evex	512	AVX512_FP16_512	1072
vcmpeq_uqps	evex	128	AVX512F_128	1072
vcmpeq_uqps	evex	256	AVX512F_256	1072
vcmpeq_uqps	evex	512	AVX512F_512	1072
vcmpeq_uqps	vex	128	AVX	1072
vcmpeq_uqps	vex	256	AVX	1072
vcmpeq_uqsd	evex	128	AVX512F_SCALAR	1072
vcmpeq_uqsd	vex	128	AVX	1072
vcmpeq_uqsh	evex	128	AVX512_FP16_SCALAR	1072
vcmpeq_uqss	evex	128	AVX512F_SCALAR	1072
vcmpeq_uqss	vex	128	AVX	1072
vcmpeq_uspd	evex	128	AVX512F_128	1072
vcmpeq_uspd	evex	256	AVX512F_256	1072
vcmpeq_uspd	evex	512	AVX512F_512	1072
vcmpeq_uspd	vex	128	AVX	1072
vcmpeq_uspd	vex	256	AVX	1072
vcmpeq_usph	evex	128	AVX512_FP16_128	1072
vcmpeq_usph	evex	256	AVX512_FP16_256	1072
vcmpeq_usph	evex	512	AVX512_FP16_512	1072
vcmpeq_usps	evex	128	AVX512F_128	1072
vcmpeq_usps	evex	256	AVX512F_256	1072
vcmpeq_usps	evex	512	AVX512F_512	1072
vcmpeq_usps	vex	128	AVX	1072
vcmpeq_usps	vex	256	AVX	1072
vcmpeq_ussd	evex	128	AVX512F_SCALAR	1072
vcmpeq_ussd	vex	128	AVX	1072
vcmpeq_ussh	evex	128	AVX512_FP16_SCALAR	1072
vcmpeq_usss	evex	128	AVX512F_SCALAR	1072
vcmpeq_usss	vex	128	AVX	1072
vcmpeqpd	evex	128	AVX512F_128	1072
vcmpeqpd	evex	256	AVX512F_256	1072
vcmpeqpd	evex	512	AVX512F_512	1072
vcmpeqpd	vex	128	AVX	1072
vcmpeqpd	vex	256	AVX	1072
vcmpeqph	evex	128	AVX512_FP16_128	1072
vcmpeqph	evex	256	AVX512_FP16_256	1072
vcmpeqph	evex	512	AVX512_FP16_512	1072
vcmpeqps	evex	128	AVX512F_128	1072
vcmpeqps	evex	256	AVX512F_256	1072
vcmpeqps	evex	512	AVX512F_512	1072
vcmpeqps	vex	128	AVX	1072
vcmpeqps	vex	256	AVX	1072
vcmpeqsd	evex	128	AVX512F_SCALAR	1072
vcmpeqsd	vex	128	AVX	1072
vcmpeqsh	evex	128	AVX512_FP16_SCALAR	1072
vcmpeqss	evex	128	AVX512F_SCALAR	1072
vcmpeqss	vex	128	AVX	1072
vcmpfalse_ospd	evex	128	AVX512F_128	1072
vcmpfalse_ospd	evex	256	AVX512F_256	1072
vcmpfalse_ospd	evex	512	AVX512F_512	1072
vcmpfalse_ospd	vex	128	AVX	1072
vcmpfalse_ospd	vex	256	AVX	1072
vcmpfalse_osph	evex	128	AVX512_FP16_128	1072
vcmpfalse_osph	evex	256	AVX512_FP16_256	1072
vcmpfalse_osph	evex	512	AVX512_FP16_512	1072
vcmpfalse_osps	evex	128	AVX512F_128	1072
vcmpfalse_osps	evex	256	AVX512F_256	1072
vcmpfalse_osps	evex	512	AVX512F_512	1072
vcmpfalse_osps	vex	128	AVX	1072
vcmpfalse_osps	vex	256	AVX	1072
vcmpfalse_ossd	evex	128	AVX512F_SCALAR	1072
vcmpfalse_ossd	vex	128	AVX	1072
vcmpfalse_ossh	evex	128	AVX512_FP16_SCALAR	1072
vcmpfalse_osss	evex	128	AVX512F_SCALAR	1072
vcmpfalse_osss	vex	128	AVX	1072
vcmpfalsepd	evex	128	AVX512F_128	1072
vcmpfalsepd	evex	256	AVX512F_256	1072
vcmpfalsepd	evex	512	AVX512F_512	1072
vcmpfalsepd	vex	128	AVX	1072
vcmpfalsepd	vex	256	AVX	1072
vcmpfalseph	evex	128	AVX512_FP16_128	1072
vcmpfalseph	evex	256	AVX512_FP16_256	1072
vcmpfalseph	evex	512	AVX512_FP16_512	1072
vcmpfalseps	evex	128	AVX512F_128	1072
vcmpfalseps	evex	256	AVX512F_256	1072
vcmpfalseps	evex	512	AVX512F_512	1072
vcmpfalseps	vex	128	AVX	1072
vcmpfalseps	vex	256	AVX	1072
vcmpfalsesd	evex	128	AVX512F_SCALAR	1072
vcmpfalsesd	vex	128	AVX	1072
vcmpfalsesh	evex	128	AVX512_FP16_SCALAR	1072
vcmpfalsess	evex	128	AVX512F_SCALAR	1072
vcmpfalsess	vex	128	AVX	1072
vcmpge_oqpd	evex	128	AVX512F_128	1072
vcmpge_oqpd	evex	256	AVX512F_256	1072
vcmpge_oqpd	evex	512	AVX512F_512	1072
vcmpge_oqpd	vex	128	AVX	1072
vcmpge_oqpd	vex	256	AVX	1072
vcmpge_oqph	evex	128	AVX512_FP16_128	1072
vcmpge_oqph	evex	256	AVX512_FP16_256	1072
vcmpge_oqph	evex	512	AVX512_FP16_512	1072
vcmpge_oqps	evex	128	AVX512F_128	1072
vcmpge_oqps	evex	256	AVX512F_256	1072
vcmpge_oqps	evex	512	AVX512F_512	1072
vcmpge_oqps	vex	128	AVX	1072
vcmpge_oqps	vex	256	AVX	1072
vcmpge_oqsd	evex	128	AVX512F_SCALAR	1072
vcmpge_oqsd	vex	128	AVX	1072
vcmpge_oqsh	evex	128	AVX512_FP16_SCALAR	1072
vcmpge_oqss	evex	128	AVX512F_SCALAR	1072
vcmpge_oqss	vex	128	AVX	1072
vcmpgepd	evex	128	AVX512F_128	1072
vcmpgepd	evex	256	AVX512F_256	1072
vcmpgepd	evex	512	AVX512F_512	1072
vcmpgepd	vex	128	AVX	1072
vcmpgepd	vex	256	AVX	1072
vcmpgeph	evex	128	AVX512_FP16_128	1072
vcmpgeph	evex	256	AVX512_FP16_256	1072
vcmpgeph	evex	512	AVX512_FP16_512	1072
vcmpgeps	evex	128	AVX512F_128	1072
vcmpgeps	evex	256	AVX512F_256	1072
vcmpgeps	evex	512	AVX512F_512	1072
vcmpgeps	vex	128	AVX	1072
vcmpgeps	vex	256	AVX	1072
vcmpgesd	evex	128	AVX512F_SCALAR	1072
vcmpgesd	vex	128	AVX	1072
vcmpgesh	evex	128	AVX512_FP16_SCALAR	1072
vcmpgess	evex	128	AVX512F_SCALAR	1072
vcmpgess	vex	128	AVX	1072
vcmpgt_oqpd	evex	128	AVX512F_128	1072
vcmpgt_oqpd	evex	256	AVX512F_256	1072
vcmpgt_oqpd	evex	512	AVX512F_512	1072
vcmpgt_oqpd	vex	128	AVX	1072
vcmpgt_oqpd	vex	256	AVX	1072
vcmpgt_oqph	evex	128	AVX512_FP16_128	1072
vcmpgt_oqph	evex	256	AVX512_FP16_256	1072
vcmpgt_oqph	evex	512	AVX512_FP16_512	1072
vcmpgt_oqps	evex	128	AVX512F_128	1072
vcmpgt_oqps	evex	256	AVX512F_256	1072
vcmpgt_oqps	evex	512	AVX512F_512	1072
vcmpgt_oqps	vex	128	AVX	1072
vcmpgt_oqps	vex	256	AVX	1072
vcmpgt_oqsd	evex	128	AVX512F_SCALAR	1072
vcmpgt_oqsd	vex	128	AVX	1072
vcmpgt_oqsh	evex	128	AVX512_FP16_SCALAR	1072
vcmpgt_oqss	evex	128	AVX512F_SCALAR	1072
vcmpgt_oqss	vex	128	AVX	1072
vcmpgtpd	evex	128	AVX512F_128	1072
vcmpgtpd	evex	256	AVX512F_256	1072
vcmpgtpd	evex	512	AVX512F_512	1072
vcmpgtpd	vex	128	AVX	1072
vcmpgtpd	vex	256	AVX	1072
vcmpgtph	evex	128	AVX512_FP16_128	1072
vcmpgtph	evex	256	AVX512_FP16_256	1072
vcmpgtph	evex	512	AVX512_FP16_512	1072
vcmpgtps	evex	128	AVX512F_128	1072
vcmpgtps	evex	256	AVX512F_256	1072
vcmpgtps	evex	512	AVX512F_512	1072
vcmpgtps	vex	128	AVX	1072
vcmpgtps	vex	256	AVX	1072
vcmpgtsd	evex	128	AVX512F_SCALAR	1072
vcmpgtsd	vex	128	AVX	1072
vcmpgtsh	evex	128	AVX512_FP16_SCALAR	1072
vcmpgtss	evex	128	AVX512F_SCALAR	1072
vcmpgtss	vex	128	AVX	1072
vcmple_oqpd	evex	128	AVX512F_128	1072
vcmple_oqpd	evex	256	AVX512F_256	1072
vcmple_oqpd	evex	512	AVX512F_512	1072
vcmple_oqpd	vex	128	AVX	1072
vcmple_oqpd	vex	256	AVX	1072
vcmple_oqph	evex	128	AVX512_FP16_128	1072
vcmple_oqph	evex	256	AVX512_FP16_256	1072
vcmple_oqph	evex	512	AVX512_FP16_512	1072
vcmple_oqps	evex	128	AVX512F_128	1072
vcmple_oqps	evex	256	AVX512F_256	1072
vcmple_oqps	evex	512	AVX512F_512	1072
vcmple_oqps	vex	128	AVX	1072
vcmple_oqps	vex	256	AVX	1072
vcmple_oqsd	evex	128	AVX512F_SCALAR	1072
vcmple_oqsd	vex	128	AVX	1072
vcmple_oqsh	evex	128	AVX512_FP16_SCALAR	1072
vcmple_oqss	evex	128	AVX512F_SCALAR	1072
vcmple_oqss	vex	128	AVX	1072
vcmplepd	evex	128	AVX512F_128	1072
vcmplepd	evex	256	AVX512F_256	1072
vcmplepd	evex	512	AVX512F_512	1072
vcmplepd	vex	128	AVX	1072
vcmplepd	vex	256	AVX	1072
vcmpleph	evex	128	AVX512_FP16_128	1072
vcmpleph	evex	256	AVX512_FP16_256	1072
vcmpleph	evex	512	AVX512_FP16_512	1072
vcmpleps	evex	128	AVX512F_128	1072
vcmpleps	evex	256	AVX512F_256	1072
vcmpleps	evex	512	AVX512F_512	1072
vcmpleps	vex	128	AVX	1072
vcmpleps	vex	256	AVX	1072
vcmplesd	evex	128	AVX512F_SCALAR	1072
vcmplesd	vex	128	AVX	1072
vcmplesh	evex	128	AVX512_FP16_SCALAR	1072
vcmpless	evex	128	AVX512F_SCALAR	1072
vcmpless	vex	128	AVX	1072
vcmplt_oqpd	evex	128	AVX512F_128	1072
vcmplt_oqpd	evex	256	AVX512F_256	1072
vcmplt_oqpd	evex	512	AVX512F_512	1072
vcmplt_oqpd	vex	128	AVX	1072
vcmplt_oqpd	vex	256	AVX	1072
vcmplt_oqph	evex	128	AVX512_FP16_128	1072
vcmplt_oqph	evex	256	AVX512_FP16_256	1072
vcmplt_oqph	evex	512	AVX512_FP16_512	1072
vcmplt_oqps	evex	128	AVX512F_128	1072
vcmplt_oqps	evex	256	AVX512F_256	1072
vcmplt_oqps	evex	512	AVX512F_512	1072
vcmplt_oqps	vex	128	AVX	1072
vcmplt_oqps	vex	256	AVX	1072
vcmplt_oqsd	evex	128	AVX512F_SCALAR	1072
vcmplt_oqsd	vex	128	AVX	1072
vcmplt_oqsh	evex	128	AVX512_FP16_SCALAR	1072
vcmplt_oqss	evex	128	AVX512F_SCALAR	1072
vcmplt_oqss	vex	128	AVX	1072
vcmpltpd	evex	128	AVX512F_128	1072
vcmpltpd	evex	256	AVX512F_256	1072
vcmpltpd	evex	512	AVX512F_512	1072
vcmpltpd	vex	128	AVX	1072
vcmpltpd	vex	256	AVX	1072
vcmpltph	evex	128	AVX512_FP16_128	1072
vcmpltph	evex	256	AVX512_FP16_256	1072
vcmpltph	evex	512	AVX512_FP16_512	1072
vcmpltps	evex	128	AVX512F_128	1072
vcmpltps	evex	256	AVX512F_256	1072
vcmpltps	evex	512	AVX512F_512	1072
vcmpltps	vex	128	AVX	1072
vcmpltps	vex	256	AVX	1072
vcmpltsd	evex	128	AVX512F_SCALAR	1072
vcmpltsd	vex	128	AVX	1072
vcmpltsh	evex	128	AVX512_FP16_SCALAR	1072
vcmpltss	evex	128	AVX512F_SCALAR	1072
vcmpltss	vex	128	AVX	1072
vcmpneq_oqpd	evex	128	AVX512F_128	1072
vcmpneq_oqpd	evex	256	AVX512F_256	1072
vcmpneq_oqpd	evex	512	AVX512F_512	1072
vcmpneq_oqpd	vex	128	AVX	1072
vcmpneq_oqpd	vex	256	AVX	1072
vcmpneq_oqph	evex	128	AVX512_FP16_128	1072
vcmpneq_oqph	evex	256	AVX512_FP16_256	1072
vcmpneq_oqph	evex	512	AVX512_FP16_512	1072
vcmpneq_oqps	evex	128	AVX512F_128	1072
vcmpneq_oqps	evex	256	AVX512F_256	1072
vcmpneq_oqps	evex	512	AVX512F_512	1072
vcmpneq_oqps	vex	128	AVX	1072
vcmpneq_oqps	vex	256	AVX	1072
vcmpneq_oqsd	evex	128	AVX512F_SCALAR	1072
vcmpneq_oqsd	vex	128	AVX	1072
vcmpneq_oqsh	evex	128	AVX512_FP16_SCALAR	1072
vcmpneq_oqss	evex	128	AVX512F_SCALAR	1072
vcmpneq_oqss	vex	128	AVX	1072
vcmpneq_ospd	evex	128	AVX512F_128	1072
vcmpneq_ospd	evex	256	AVX512F_256	1072
vcmpneq_ospd	evex	512	AVX512F_512	1072
vcmpneq_ospd	vex	128	AVX	1072
vcmpneq_ospd	vex	256	AVX	1072
vcmpneq_osph	evex	128	AVX512_FP16_128	1072
vcmpneq_osph	evex	256	AVX512_FP16_256	1072
vcmpneq_osph	evex	512	AVX512_FP16_512	1072
vcmpneq_osps	evex	128	AVX512F_128	1072
vcmpneq_osps	evex	256	AVX512F_256	1072
vcmpneq_osps	evex	512	AVX512F_512	1072
vcmpneq_osps	vex	128	AVX	1072
vcmpneq_osps	vex	256	AVX	1072
vcmpneq_ossd	evex	128	AVX512F_SCALAR	1072
vcmpneq_ossd	vex	128	AVX	1072
vcmpneq_ossh	evex	128	AVX512_FP16_SCALAR	1072
vcmpneq_osss	evex	128	AVX512F_SCALAR	1072
vcmpneq_osss	vex	128	AVX	1072
vcmpneq_uspd	evex	128	AVX512F_128	1072
vcmpneq_uspd	evex	256	AVX512F_256	1072
vcmpneq_uspd	evex	512	AVX512F_512	1072
vcmpneq_uspd	vex	128	AVX	1072
vcmpneq_uspd	vex	256	AVX	1072
vcmpneq_usph	evex	128	AVX512_FP16_128	1072
vcmpneq_usph	evex	256	AVX512_FP16_256	1072
vcmpneq_usph	evex	512	AVX512_FP16_512	1072
vcmpneq_usps	evex	128	AVX512F_128	1072
vcmpneq_usps	evex	256	AVX512F_256	1072
vcmpneq_usps	evex	512	AVX512F_512	1072
vcmpneq_usps	vex	128	AVX	1072
vcmpneq_usps	vex	256	AVX	1072
vcmpneq_ussd	evex	128	AVX512F_SCALAR	1072
vcmpneq_ussd	vex	128	AVX	1072
vcmpneq_ussh	evex	128	AVX512_FP16_SCALAR	1072
vcmpneq_usss	evex	128	AVX512F_SCALAR	1072
vcmpneq_usss	vex	128	AVX	1072
vcmpneqpd	evex	128	AVX512F_128	1072
vcmpneqpd	evex	256	AVX512F_256	1072
vcmpneqpd	evex	512	AVX512F_512	1072
vcmpneqpd	vex	128	AVX	1072
vcmpneqpd	vex	256	AVX	1072
vcmpneqph	evex	128	AVX512_FP16_128	1072
vcmpneqph	evex	256	AVX512_FP16_256	1072
vcmpneqph	evex	512	AVX512_FP16_512	1072
vcmpneqps	evex	128	AVX512F_128	1072
vcmpneqps	evex	256	AVX512F_256	1072
vcmpneqps	evex	512	AVX512F_512	1072
vcmpneqps	vex	128	AVX	1072
vcmpneqps	vex	256	AVX	1072
vcmpneqsd	evex	128	AVX512F_SCALAR	1072
vcmpneqsd	vex	128	AVX	1072
vcmpneqsh	evex	128	AVX512_FP16_SCALAR	1072
vcmpneqss	evex	128	AVX512F_SCALAR	1072
vcmpneqss	vex	128	AVX	1072
vcmpnge_uqpd	evex	128	AVX512F_128	1072
vcmpnge_uqpd	evex	256	AVX512F_256	1072
vcmpnge_uqpd	evex	512	AVX512F_512	1072
vcmpnge_uqpd	vex	128	AVX	1072
vcmpnge_uqpd	vex	256	AVX	1072
vcmpnge_uqph	evex	128	AVX512_FP16_128	1072
vcmpnge_uqph	evex	256	AVX512_FP16_256	1072
vcmpnge_uqph	evex	512	AVX512_FP16_512	1072
vcmpnge_uqps	evex	128	AVX512F_128	1072
vcmpnge_uqps	evex	256	AVX512F_256	1072
vcmpnge_uqps	evex	512	AVX512F_512	1072
vcmpnge_uqps	vex	128	AVX	1072
vcmpnge_uqps	vex	256	AVX	1072
vcmpnge_uqsd	evex	128	AVX512F_SCALAR	1072
vcmpnge_uqsd	vex	128	AVX	1072
vcmpnge_uqsh	evex	128	AVX512_FP16_SCALAR	1072
vcmpnge_uqss	evex	128	AVX512F_SCALAR	1072
vcmpnge_uqss	vex	128	AVX	1072
vcmpngepd	evex	128	AVX512F_128	1072
vcmpngepd	evex	256	AVX512F_256	1072
vcmpngepd	evex	512	AVX512F_512	1072
vcmpngepd	vex	128	AVX	1072
vcmpngepd	vex	256	AVX	1072
vcmpngeph	evex	128	AVX512_FP16_128	1072
vcmpngeph	evex	256	AVX512_FP16_256	1072
vcmpngeph	evex	512	AVX512_FP16_512	1072
vcmpngeps	evex	128	AVX512F_128	1072
vcmpngeps	evex	256	AVX512F_256	1072
vcmpngeps	evex	512	AVX512F_512	1072
vcmpngeps	vex	128	AVX	1072
vcmpngeps	vex	256	AVX	1072
vcmpngesd	evex	128	AVX512F_SCALAR	1072
vcmpngesd	vex	128	AVX	1072
vcmpngesh	evex	128	AVX512_FP16_SCALAR	1072
vcmpngess	evex	128	AVX512F_SCALAR	1072
vcmpngess	vex	128	AVX	1072
vcmpngt_uqpd	evex	128	AVX512F_128	1072
vcmpngt_uqpd	evex	256	AVX512F_256	1072
vcmpngt_uqpd	evex	512	AVX512F_512	1072
vcmpngt_uqpd	vex	128	AVX	1072
vcmpngt_uqpd	vex	256	AVX	1072
vcmpngt_uqph	evex	128	AVX512_FP16_128	1072
vcmpngt_uqph	evex	256	AVX512_FP16_256	1072
vcmpngt_uqph	evex	512	AVX512_FP16_512	1072
vcmpngt_uqps	evex	128	AVX512F_128	1072
vcmpngt_uqps	evex	256	AVX512F_256	1072
vcmpngt_uqps	evex	512	AVX512F_512	1072
vcmpngt_uqps	vex	128	AVX	1072
vcmpngt_uqps	vex	256	AVX	1072
vcmpngt_uqsd	evex	128	AVX512F_SCALAR	1072
vcmpngt_uqsd	vex	128	AVX	1072
vcmpngt_uqsh	evex	128	AVX512_FP16_SCALAR	1072
vcmpngt_uqss	evex	128	AVX512F_SCALAR	1072
vcmpngt_uqss	vex	128	AVX	1072
vcmpngtpd	evex	128	AVX512F_128	1072
vcmpngtpd	evex	256	AVX512F_256	1072
vcmpngtpd	evex	512	AVX512F_512	1072
vcmpngtpd	vex	128	AVX	1072
vcmpngtpd	vex	256	AVX	1072
vcmpngtph	evex	128	AVX512_FP16_128	1072
vcmpngtph	evex	256	AVX512_FP16_256	1072
vcmpngtph	evex	512	AVX512_FP16_512	1072
vcmpngtps	evex	128	AVX512F_128	1072
vcmpngtps	evex	256	AVX512F_256	1072
vcmpngtps	evex	512	AVX512F_512	1072
vcmpngtps	vex	128	AVX	1072
vcmpngtps	vex	256	AVX	1072
vcmpngtsd	evex	128	AVX512F_SCALAR	1072
vcmpngtsd	vex	128	AVX	1072
vcmpngtsh	evex	128	AVX512_FP16_SCALAR	1072
vcmpngtss	evex	128	AVX512F_SCALAR	1072
vcmpngtss	vex	128	AVX	1072
vcmpnle_uqpd	evex	128	AVX512F_128	1072
vcmpnle_uqpd	evex	256	AVX512F_256	1072
vcmpnle_uqpd	evex	512	AVX512F_512	1072
vcmpnle_uqpd	vex	128	AVX	1072
vcmpnle_uqpd	vex	256	AVX	1072
vcmpnle_uqph	evex	128	AVX512_FP16_128	1072
vcmpnle_uqph	evex	256	AVX512_FP16_256	1072
vcmpnle_uqph	evex	512	AVX512_FP16_512	1072
vcmpnle_uqps	evex	128	AVX512F_128	1072
vcmpnle_uqps	evex	256	AVX512F_256	1072
vcmpnle_uqps	evex	512	AVX512F_512	1072
vcmpnle_uqps	vex	128	AVX	1072
vcmpnle_uqps	vex	256	AVX	1072
vcmpnle_uqsd	evex	128	AVX512F_SCALAR	1072
vcmpnle_uqsd	vex	128	AVX	1072
vcmpnle_uqsh	evex	128	AVX512_FP16_SCALAR	1072
vcmpnle_uqss	evex	128	AVX512F_SCALAR	1072
vcmpnle_uqss	vex	128	AVX	1072
vcmpnlepd	evex	128	AVX512F_128	1072
vcmpnlepd	evex	256	AVX512F_256	1072
vcmpnlepd	evex	512	AVX512F_512	1072
vcmpnlepd	vex	128	AVX	1072
vcmpnlepd	vex	256	AVX	1072
vcmpnleph	evex	128	AVX512_FP16_128	1072
vcmpnleph	evex	256	AVX512_FP16_256	1072
vcmpnleph	evex	512	AVX512_FP16_512	1072
vcmpnleps	evex	128	AVX512F_128	1072
vcmpnleps	evex	256	AVX512F_256	1072
vcmpnleps	evex	512	AVX512F_512	1072
vcmpnleps	vex	128	AVX	1072
vcmpnleps	vex	256	AVX	1072
vcmpnlesd	evex	128	AVX512F_SCALAR	1072
vcmpnlesd	vex	128	AVX	1072
vcmpnlesh	evex	128	AVX512_FP16_SCALAR	1072
vcmpnless	evex	128	AVX512F_SCALAR	1072
vcmpnless	vex	128	AVX	1072
vcmpnlt_uqpd	evex	128	AVX512F_128	1072
vcmpnlt_uqpd	evex	256	AVX512F_256	1072
vcmpnlt_uqpd	evex	512	AVX512F_512	1072
vcmpnlt_uqpd	vex	128	AVX	1072
vcmpnlt_uqpd	vex	256	AVX	1072
vcmpnlt_uqph	evex	128	AVX512_FP16_128	1072
vcmpnlt_uqph	evex	256	AVX512_FP16_256	1072
vcmpnlt_uqph	evex	512	AVX512_FP16_512	1072
vcmpnlt_uqps	evex	128	AVX512F_128	1072
vcmpnlt_uqps	evex	256	AVX512F_256	1072
vcmpnlt_uqps	evex	512	AVX512F_512	1072
vcmpnlt_uqps	vex	128	AVX	1072
vcmpnlt_uqps	vex	256	AVX	1072
vcmpnlt_uqsd	evex	128	AVX512F_SCALAR	1072
vcmpnlt_uqsd	vex	128	AVX	1072
vcmpnlt_uqsh	evex	128	AVX512_FP16_SCALAR	1072
vcmpnlt_uqss	evex	128	AVX512F_SCALAR	1072
vcmpnlt_uqss	vex	128	AVX	1072
vcmpnltpd	evex	128	AVX512F_128	1072
vcmpnltpd	evex	256	AVX512F_256	1072
vcmpnltpd	evex	512	AVX512F_512	1072
vcmpnltpd	vex	128	AVX	1072
vcmpnltpd	vex	256	AVX	1072
vcmpnltph	evex	128	AVX512_FP16_128	1072
vcmpnltph	evex	256	AVX512_FP16_256	1072
vcmpnltph	evex	512	AVX512_FP16_512	1072
vcmpnltps	evex	128	AVX512F_128	1072
vcmpnltps	evex	256	AVX512F_256	1072
vcmpnltps	evex	512	AVX512F_512	1072
vcmpnltps	vex	128	AVX	1072
vcmpnltps	vex	256	AVX	1072
vcmpnltsd	evex	128	AVX512F_SCALAR	1072
vcmpnltsd	vex	128	AVX	1072
vcmpnltsh	evex	128	AVX512_FP16_SCALAR	1072
vcmpnltss	evex	128	AVX512F_SCALAR	1072
vcmpnltss	vex	128	AVX	1072
vcmpord_spd	evex	128	AVX512F_128	1072
vcmpord_spd	evex	256	AVX512F_256	1072
vcmpord_spd	evex	512	AVX512F_512	1072
vcmpord_spd	vex	128	AVX	1072
vcmpord_spd	vex	256	AVX	1072
vcmpord_sph	evex	128	AVX512_FP16_128	1072
vcmpord_sph	evex	256	AVX512_FP16_256	1072
vcmpord_sph	evex	512	AVX512_FP16_512	1072
vcmpord_sps	evex	128	AVX512F_128	1072
vcmpord_sps	evex	256	AVX512F_256	1072
vcmpord_sps	evex	512	AVX512F_512	1072
vcmpord_sps	vex	128	AVX	1072
vcmpord_sps	vex	256	AVX	1072
vcmpord_ssd	evex	128	AVX512F_SCALAR	1072
vcmpord_ssd	vex	128	AVX	1072
vcmpord_ssh	evex	128	AVX512_FP16_SCALAR	1072
vcmpord_sss	evex	128	AVX512F_SCALAR	1072
vcmpord_sss	vex	128	AVX	1072
vcmpordpd	evex	128	AVX512F_128	1072
vcmpordpd	evex	256	AVX512F_256	1072
vcmpordpd	evex	512	AVX512F_512	1072
vcmpordpd	vex	128	AVX	1072
vcmpordpd	vex	256	AVX	1072
vcmpordph	evex	128	AVX512_FP16_128	1072
vcmpordph	evex	256	AVX512_FP16_256	1072
vcmpordph	evex	512	AVX512_FP16_512	1072
vcmpordps	evex	128	AVX512F_128	1072
vcmpordps	evex	256	AVX512F_256	1072
vcmpordps	evex	512	AVX512F_512	1072
vcmpordps	vex	128	AVX	1072
vcmpordps	vex	256	AVX	1072
vcmpordsd	evex	128	AVX512F_SCALAR	1072
vcmpordsd	vex	128	AVX	1072
vcmpordsh	evex	128	AVX512_FP16_SCALAR	1072
vcmpordss	evex	128	AVX512F_SCALAR	1072
vcmpordss	vex	128	AVX	1072
vcmppd	evex	128	AVX512F_128	48
vcmppd	evex	256	AVX512F_256	48
vcmppd	evex	512	AVX512F_512	48
vcmppd	vex	128	AVX	48
vcmppd	vex	256	AVX	48
vcmpph	evex	128	AVX512_FP16_128	56
vcmpph	evex	256	AVX512_FP16_256	56
vcmpph	evex	512	AVX512_FP16_512	56
vcmpps	evex	128	AVX512F_128	48
vcmpps	evex	256	AVX512F_256	48
vcmpps	evex	512	AVX512F_512	48
vcmpps	vex	128	AVX	48
vcmpps	vex	256	AVX	48
vcmpsd	evex	128	AVX512F_SCALAR	48
vcmpsd	vex	128	AVX	48
vcmpsh	evex	128	AVX512_FP16_SCALAR	56
vcmpss	evex	128	AVX512F_SCALAR	48
vcmpss	vex	128	AVX	48
vcmptrue_uspd	evex	128	AVX512F_128	1072
vcmptrue_uspd	evex	256	AVX512F_256	1072
vcmptrue_uspd	evex	512	AVX512F_512	1072
vcmptrue_uspd	vex	128	AVX	1072
vcmptrue_uspd	vex	256	AVX	1072
vcmptrue_usph	evex	128	AVX512_FP16_128	1072
vcmptrue_usph	evex	256	AVX512_FP16_256	1072
vcmptrue_usph	evex	512	AVX512_FP16_512	1072
vcmptrue_usps	evex	128	AVX512F_128	1072
vcmptrue_usps	evex	256	AVX512F_256	1072
vcmptrue_usps	evex	512	AVX512F_512	1072
vcmptrue_usps	vex	128	AVX	1072
vcmptrue_usps	vex	256	AVX	1072
vcmptrue_ussd	evex	128	AVX512F_SCALAR	1072
vcmptrue_ussd	vex	128	AVX	1072
vcmptrue_ussh	evex	128	AVX512_FP16_SCALAR	1072
vcmptrue_usss	evex	128	AVX512F_SCALAR	1072
vcmptrue_usss	vex	128	AVX	1072
vcmptruepd	evex	128	AVX512F_128	1072
vcmptruepd	evex	256	AVX512F_256	1072
vcmptruepd	evex	512	AVX512F_512	1072
vcmptruepd	vex	128	AVX	1072
vcmptruepd	vex	256	AVX	1072
vcmptrueph	evex	128	AVX512_FP16_128	1072
vcmptrueph	evex	256	AVX512_FP16_256	1072
vcmptrueph	evex	512	AVX512_FP16_512	1072
vcmptrueps	evex	128	AVX512F_128	1072
vcmptrueps	evex	256	AVX512F_256	1072
vcmptrueps	evex	512	AVX512F_512	1072
vcmptrueps	vex	128	AVX	1072
vcmptrueps	vex	256	AVX	1072
vcmptruesd	evex	128	AVX512F_SCALAR	1072
vcmptruesd	vex	128	AVX	1072
vcmptruesh	evex	128	AVX512_FP16_SCALAR	1072
vcmptruess	evex	128	AVX512F_SCALAR	1072
vcmptruess	vex	128	AVX	1072
vcmpunord_spd	evex	128	AVX512F_128	1072
vcmpunord_spd	evex	256	AVX512F_256	1072
vcmpunord_spd	evex	512	AVX512F_512	1072
vcmpunord_spd	vex	128	AVX	1072
vcmpunord_spd	vex	256	AVX	1072
vcmpunord_sph	evex	128	AVX512_FP16_128	1072
vcmpunord_sph	evex	256	AVX512_FP16_256	1072
vcmpunord_sph	evex	512	AVX512_FP16_512	1072
vcmpunord_sps	evex	128	AVX512F_128	1072
vcmpunord_sps	evex	256	AVX512F_256	1072
vcmpunord_sps	evex	512	AVX512F_512	1072
vcmpunord_sps	vex	128	AVX	1072
vcmpunord_sps	vex	256	AVX	1072
vcmpunord_ssd	evex	128	AVX512F_SCALAR	1072
vcmpunord_ssd	vex	128	AVX	1072
vcmpunord_ssh	evex	128	AVX512_FP16_SCALAR	1072
vcmpunord_sss	evex	128	AVX512F_SCALAR	1072
vcmpunord_sss	vex	128	AVX	1072
vcmpunordpd	evex	128	AVX512F_128	1072
vcmpunordpd	evex	256	AVX512F_256	1072
vcmpunordpd	evex	512	AVX512F_512	1072
vcmpunordpd	vex	128	AVX	1072
vcmpunordpd	vex	256	AVX	1072
vcmpunordph	evex	128	AVX512_FP16_128	1072
vcmpunordph	evex	256	AVX512_FP16_256	1072
vcmpunordph	evex	512	AVX512_FP16_512	1072
vcmpunordps	evex	128	AVX512F_128	1072
vcmpunordps	evex	256	AVX512F_256	1072
vcmpunordps	evex	512	AVX512F_512	1072
vcmpunordps	vex	128	AVX	1072
vcmpunordps	vex	256	AVX	1072
vcmpunordsd	evex	128	AVX512F_SCALAR	1072
vcmpunordsd	vex	128	AVX	1072
vcmpunordsh	evex	128	AVX512_FP16_SCALAR	1072
vcmpunordss	evex	128	AVX512F_SCALAR	1072
vcmpunordss	vex	128	AVX	1072
vcomisbf16	evex	128	AVX10_2_BF16_SCALAR	40
vcomisd	evex	128	AVX512F_SCALAR	48
vcomisd	vex	128	AVX	48
vcomish	evex	128	AVX512_FP16_SCALAR	56
vcomiss	evex	128	AVX512F_SCALAR	48
vcomiss	vex	128	AVX	48
vcompresspd	evex	128	AVX512F_128	48
vcompresspd	evex	256	AVX512F_256	48
vcompresspd	evex	512	AVX512F_512	48
vcompressps	evex	128	AVX512F_128	48
vcompressps	evex	256	AVX512F_256	48
vcompressps	evex	512	AVX512F_512	48
vcomxsd	evex	128	AVX512_COM_EF_SCALAR	40
vcomxsh	evex	128	AVX512_COM_EF_SCALAR	40
vcomxss	evex	128	AVX512_COM_EF_SCALAR	40
vcvt2ph2bf8	evex	128	AVX512_FP8_CONVERT_128	40
vcvt2ph2bf8	evex	256	AVX512_FP8_CONVERT_256	40
vcvt2ph2bf8	evex	512	AVX512_FP8_CONVERT_512	40
vcvt2ph2bf8s	evex	128	AVX512_FP8_CONVERT_128	40
vcvt2ph2bf8s	evex	256	AVX512_FP8_CONVERT_256	40
vcvt2ph2bf8s	evex	512	AVX512_FP8_CONVERT_512	40
vcvt2ph2hf8	evex	128	AVX512_FP8_CONVERT_128	40
vcvt2ph2hf8	evex	256	AVX512_FP8_CONVERT_256	40
vcvt2ph2hf8	evex	512	AVX512_FP8_CONVERT_512	40
vcvt2ph2hf8s	evex	128	AVX512_FP8_CONVERT_128	40
vcvt2ph2hf8s	evex	256	AVX512_FP8_CONVERT_256	40
vcvt2ph2hf8s	evex	512	AVX512_FP8_CONVERT_512	40
vcvt2ps2phx	evex	128	AVX512_FP16_CONVERT_128	40
vcvt2ps2phx	evex	256	AVX512_FP16_CONVERT_256	40
vcvt2ps2phx	evex	512	AVX512_FP16_CONVERT_512	40
vcvtbf162ibs	evex	128	AVX512_SAT_CVT_128	40
vcvtbf162ibs	evex	256	AVX512_SAT_CVT_256	40
vcvtbf162ibs	evex	512	AVX512_SAT_CVT_512	40
vcvtbf162iubs	evex	128	AVX512_SAT_CVT_128	40
vcvtbf162iubs	evex	256	AVX512_SAT_CVT_256	40
vcvtbf162iubs	evex	512	AVX512_SAT_CVT_512	40
vcvtbf42hf8	evex	128	AVX10_V2_AUX_128	40
vcvtbf42hf8	evex	256	AVX10_V2_AUX_256	40
vcvtbf42hf8	evex	512	AVX10_V2_AUX_512	40
vcvtbf62hf8	evex	128	AVX10_V2_AUX_128	40
vcvtbf62hf8	evex	256	AVX10_V2_AUX_256	40
vcvtbf62hf8	evex	512	AVX10_V2_AUX_512	40
vcvtbf82bf4s	evex	128	AVX10_V2_AUX_128	40
vcvtbf82bf4s	evex	256	AVX10_V2_AUX_256	40
vcvtbf82bf4s	evex	512	AVX10_V2_AUX_512	40
vcvtbf82bf6s	evex	128	AVX10_V2_AUX_128	40
vcvtbf82bf6s	evex	256	AVX10_V2_AUX_256	40
vcvtbf82bf6s	evex	512	AVX10_V2_AUX_512	40
vcvtbf82ps	evex	128	AVX10_V2_AUX_128	40
vcvtbf82ps	evex	256	AVX10_V2_AUX_256	40
vcvtbf82ps	evex	512	AVX10_V2_AUX_512	40
vcvtbiasph2bf8	evex	128	AVX512_FP8_CONVERT_128	40
vcvtbiasph2bf8	evex	256	AVX512_FP8_CONVERT_256	40
vcvtbiasph2bf8	evex	512	AVX512_FP8_CONVERT_512	40
vcvtbiasph2bf8s	evex	128	AVX512_FP8_CONVERT_128	40
vcvtbiasph2bf8s	evex	256	AVX512_FP8_CONVERT_256	40
vcvtbiasph2bf8s	evex	512	AVX512_FP8_CONVERT_512	40
vcvtbiasph2hf8	evex	128	AVX512_FP8_CONVERT_128	40
vcvtbiasph2hf8	evex	256	AVX512_FP8_CONVERT_256	40
vcvtbiasph2hf8	evex	512	AVX512_FP8_CONVERT_512	40
vcvtbiasph2hf8s	evex	128	AVX512_FP8_CONVERT_128	40
vcvtbiasph2hf8s	evex	256	AVX512_FP8_CONVERT_256	40
vcvtbiasph2hf8s	evex	512	AVX512_FP8_CONVERT_512	40
vcvtbiasps2bf8	evex	128	AVX10_V2_AUX_128	40
vcvtbiasps2bf8	evex	256	AVX10_V2_AUX_256	40
vcvtbiasps2bf8	evex	512	AVX10_V2_AUX_512	40
vcvtbiasps2bf8s	evex	128	AVX10_V2_AUX_128	40
vcvtbiasps2bf8s	evex	256	AVX10_V2_AUX_256	40
vcvtbiasps2bf8s	evex	512	AVX10_V2_AUX_512	40
vcvtbiasps2hf8	evex	128	AVX10_V2_AUX_128	40
vcvtbiasps2hf8	evex	256	AVX10_V2_AUX_256	40
vcvtbiasps2hf8	evex	512	AVX10_V2_AUX_512	40
vcvtbiasps2hf8s	evex	128	AVX10_V2_AUX_128	40
vcvtbiasps2hf8s	evex	256	AVX10_V2_AUX_256	40
vcvtbiasps2hf8s	evex	512	AVX10_V2_AUX_512	40
vcvtdq2pd	evex	128	AVX512F_128	48
vcvtdq2pd	evex	256	AVX512F_256	48
vcvtdq2pd	evex	512	AVX512F_512	48
vcvtdq2pd	vex	128	AVX	48
vcvtdq2pd	vex	256	AVX	48
vcvtdq2ph	evex	128	AVX512_FP16_128	56
vcvtdq2ph	evex	256	AVX512_FP16_256	56
vcvtdq2ph	evex	512	AVX512_FP16_512	56
vcvtdq2ps	evex	128	AVX512F_128	48
vcvtdq2ps	evex	256	AVX512F_256	48
vcvtdq2ps	evex	512	AVX512F_512	48
vcvtdq2ps	vex	128	AVX	48
vcvtdq2ps	vex	256	AVX	48
vcvthf62hf8	evex	128	AVX10_V2_AUX_128	40
vcvthf62hf8	evex	256	AVX10_V2_AUX_256	40
vcvthf62hf8	evex	512	AVX10_V2_AUX_512	40
vcvthf82bf4s	evex	128	AVX10_V2_AUX_128	40
vcvthf82bf4s	evex	256	AVX10_V2_AUX_256	40
vcvthf82bf4s	evex	512	AVX10_V2_AUX_512	40
vcvthf82hf6s	evex	128	AVX10_V2_AUX_128	40
vcvthf82hf6s	evex	256	AVX10_V2_AUX_256	40
vcvthf82hf6s	evex	512	AVX10_V2_AUX_512	40
vcvthf82ph	evex	128	AVX512_FP8_CONVERT_128	40
vcvthf82ph	evex	256	AVX512_FP8_CONVERT_256	40
vcvthf82ph	evex	512	AVX512_FP8_CONVERT_512	40
vcvthf82ps	evex	128	AVX10_V2_AUX_128	40
vcvthf82ps	evex	256	AVX10_V2_AUX_256	40
vcvthf82ps	evex	512	AVX10_V2_AUX_512	40
vcvtne2ps2bf16	evex	128	AVX512_BF16_128	56
vcvtne2ps2bf16	evex	256	AVX512_BF16_256	56
vcvtne2ps2bf16	evex	512	AVX512_BF16_512	56
vcvtneebf162ps	vex	128	AVX_NE_CONVERT	56
vcvtneebf162ps	vex	256	AVX_NE_CONVERT	56
vcvtneeph2ps	vex	128	AVX_NE_CONVERT	56
vcvtneeph2ps	vex	256	AVX_NE_CONVERT	56
vcvtneobf162ps	vex	128	AVX_NE_CONVERT	56
vcvtneobf162ps	vex	256	AVX_NE_CONVERT	56
vcvtneoph2ps	vex	128	AVX_NE_CONVERT	56
vcvtneoph2ps	vex	256	AVX_NE_CONVERT	56
vcvtneps2bf16	evex	128	AVX512_BF16_128	56
vcvtneps2bf16	evex	256	AVX512_BF16_256	56
vcvtneps2bf16	evex	512	AVX512_BF16_512	56
vcvtneps2bf16	vex	128	AVX_NE_CONVERT	56
vcvtneps2bf16	vex	256	AVX_NE_CONVERT	56
vcvtpd2dq	evex	128	AVX512F_128	48
vcvtpd2dq	evex	256	AVX512F_256	48
vcvtpd2dq	evex	512	AVX512F_512	48
vcvtpd2dq	vex	128	AVX	48
vcvtpd2dq	vex	256	AVX	48
vcvtpd2ph	evex	128	AVX512_FP16_128	56
vcvtpd2ph	evex	256	AVX512_FP16_256	56
vcvtpd2ph	evex	512	AVX512_FP16_512	56
vcvtpd2ps	evex	128	AVX512F_128	48
vcvtpd2ps	evex	256	AVX512F_256	48
vcvtpd2ps	evex	512	AVX512F_512	48
vcvtpd2ps	vex	128	AVX	48
vcvtpd2ps	vex	256	AVX	48
vcvtpd2qq	evex	128	AVX512DQ_128	48
vcvtpd2qq	evex	256	AVX512DQ_256	48
vcvtpd2qq	evex	512	AVX512DQ_512	48
vcvtpd2udq	evex	128	AVX512F_128	48
vcvtpd2udq	evex	256	AVX512F_256	48
vcvtpd2udq	evex	512	AVX512F_512	48
vcvtpd2uqq	evex	128	AVX512DQ_128	48
vcvtpd2uqq	evex	256	AVX512DQ_256	48
vcvtpd2uqq	evex	512	AVX512DQ_512	48
vcvtph2bf8	evex	128	AVX512_FP8_CONVERT_128	40
vcvtph2bf8	evex	256	AVX512_FP8_CONVERT_256	40
vcvtph2bf8	evex	512	AVX512_FP8_CONVERT_512	40
vcvtph2bf8s	evex	128	AVX512_FP8_CONVERT_128	40
vcvtph2bf8s	evex	256	AVX512_FP8_CONVERT_256	40
vcvtph2bf8s	evex	512	AVX512_FP8_CONVERT_512	40
vcvtph2dq	evex	128	AVX512_FP16_128	56
vcvtph2dq	evex	256	AVX512_FP16_256	56
vcvtph2dq	evex	512	AVX512_FP16_512	56
vcvtph2hf8	evex	128	AVX512_FP8_CONVERT_128	40
vcvtph2hf8	evex	256	AVX512_FP8_CONVERT_256	40
vcvtph2hf8	evex	512	AVX512_FP8_CONVERT_512	40
vcvtph2hf8s	evex	128	AVX512_FP8_CONVERT_128	40
vcvtph2hf8s	evex	256	AVX512_FP8_CONVERT_256	40
vcvtph2hf8s	evex	512	AVX512_FP8_CONVERT_512	40
vcvtph2ibs	evex	128	AVX512_SAT_CVT_128	40
vcvtph2ibs	evex	256	AVX512_SAT_CVT_256	40
vcvtph2ibs	evex	512	AVX512_SAT_CVT_512	40
vcvtph2iubs	evex	128	AVX512_SAT_CVT_128	40
vcvtph2iubs	evex	256	AVX512_SAT_CVT_256	40
vcvtph2iubs	evex	512	AVX512_SAT_CVT_512	40
vcvtph2pd	evex	128	AVX512_FP16_128	56
vcvtph2pd	evex	256	AVX512_FP16_256	56
vcvtph2pd	evex	512	AVX512_FP16_512	56
vcvtph2ps	evex	128	AVX512F_128	48
vcvtph2ps	evex	256	AVX512F_256	48
vcvtph2ps	evex	512	AVX512F_512	48
vcvtph2ps	vex	128	F16C	48
vcvtph2ps	vex	256	F16C	48
vcvtph2psx	evex	128	AVX512_FP16_128	56
vcvtph2psx	evex	256	AVX512_FP16_256	56
vcvtph2psx	evex	512	AVX512_FP16_512	56
vcvtph2qq	evex	128	AVX512_FP16_128	56
vcvtph2qq	evex	256	AVX512_FP16_256	56
vcvtph2qq	evex	512	AVX512_FP16_512	56
vcvtph2udq	evex	128	AVX512_FP16_128	56
vcvtph2udq	evex	256	AVX512_FP16_256	56
vcvtph2udq	evex	512	AVX512_FP16_512	56
vcvtph2uqq	evex	128	AVX512_FP16_128	56
vcvtph2uqq	evex	256	AVX512_FP16_256	56
vcvtph2uqq	evex	512	AVX512_FP16_512	56
vcvtph2uw	evex	128	AVX512_FP16_128	56
vcvtph2uw	evex	256	AVX512_FP16_256	56
vcvtph2uw	evex	512	AVX512_FP16_512	56
vcvtph2w	evex	128	AVX512_FP16_128	56
vcvtph2w	evex	256	AVX512_FP16_256	56
vcvtph2w	evex	512	AVX512_FP16_512	56
vcvtps2bf8	evex	128	AVX10_V2_AUX_128	40
vcvtps2bf8	evex	256	AVX10_V2_AUX_256	40
vcvtps2bf8	evex	512	AVX10_V2_AUX_512	40
vcvtps2bf8s	evex	128	AVX10_V2_AUX_128	40
vcvtps2bf8s	evex	256	AVX10_V2_AUX_256	40
vcvtps2bf8s	evex	512	AVX10_V2_AUX_512	40
vcvtps2dq	evex	128	AVX512F_128	48
vcvtps2dq	evex	256	AVX512F_256	48
vcvtps2dq	evex	512	AVX512F_512	48
vcvtps2dq	vex	128	AVX	48
vcvtps2dq	vex	256	AVX	48
vcvtps2hf8	evex	128	AVX10_V2_AUX_128	40
vcvtps2hf8	evex	256	AVX10_V2_AUX_256	40
vcvtps2hf8	evex	512	AVX10_V2_AUX_512	40
vcvtps2hf8s	evex	128	AVX10_V2_AUX_128	40
vcvtps2hf8s	evex	256	AVX10_V2_AUX_256	40
vcvtps2hf8s	evex	512	AVX10_V2_AUX_512	40
vcvtps2ibs	evex	128	AVX512_SAT_CVT_128	40
vcvtps2ibs	evex	256	AVX512_SAT_CVT_256	40
vcvtps2ibs	evex	512	AVX512_SAT_CVT_512	40
vcvtps2iubs	evex	128	AVX512_SAT_CVT_128	40
vcvtps2iubs	evex	256	AVX512_SAT_CVT_256	40
vcvtps2iubs	evex	512	AVX512_SAT_CVT_512	40
vcvtps2pd	evex	128	AVX512F_128	48
vcvtps2pd	evex	256	AVX512F_256	48
vcvtps2pd	evex	512	AVX512F_512	48
vcvtps2pd	vex	128	AVX	48
vcvtps2pd	vex	256	AVX	48
vcvtps2ph	evex	128	AVX512F_128	48
vcvtps2ph	evex	256	AVX512F_256	48
vcvtps2ph	evex	512	AVX512F_512	48
vcvtps2ph	vex	128	F16C	48
vcvtps2ph	vex	256	F16C	48
vcvtps2phx	evex	128	AVX512_FP16_128	56
vcvtps2phx	evex	256	AVX512_FP16_256	56
vcvtps2phx	evex	512	AVX512_FP16_512	56
vcvtps2qq	evex	128	AVX512DQ_128	48
vcvtps2qq	evex	256	AVX512DQ_256	48
vcvtps2qq	evex	512	AVX512DQ_512	48
vcvtps2udq	evex	128	AVX512F_128	48
vcvtps2udq	evex	256	AVX512F_256	48
vcvtps2udq	evex	512	AVX512F_512	48
vcvtps2uqq	evex	128	AVX512DQ_128	48
vcvtps2uqq	evex	256	AVX512DQ_256	48
vcvtps2uqq	evex	512	AVX512DQ_512	48
vcvtqq2pd	evex	128	AVX512DQ_128	48
vcvtqq2pd	evex	256	AVX512DQ_256	48
vcvtqq2pd	evex	512	AVX512DQ_512	48
vcvtqq2ph	evex	128	AVX512_FP16_128	56
vcvtqq2ph	evex	256	AVX512_FP16_256	56
vcvtqq2ph	evex	512	AVX512_FP16_512	56
vcvtqq2ps	evex	128	AVX512DQ_128	48
vcvtqq2ps	evex	256	AVX512DQ_256	48
vcvtqq2ps	evex	512	AVX512DQ_512	48
vcvtrops2hf8	evex	128	AVX10_V2_AUX_128	40
vcvtrops2hf8	evex	256	AVX10_V2_AUX_256	40
vcvtrops2hf8	evex	512	AVX10_V2_AUX_512	40
vcvtrops2hf8s	evex	128	AVX10_V2_AUX_128	40
vcvtrops2hf8s	evex	256	AVX10_V2_AUX_256	40
vcvtrops2hf8s	evex	512	AVX10_V2_AUX_512	40
vcvtsd2sh	evex	128	AVX512_FP16_SCALAR	56
vcvtsd2si	evex	128	AVX512F_SCALAR	4144
vcvtsd2si	vex	0	AVX	4128
vcvtsd2si	vex	128	AVX	4128
vcvtsd2ss	evex	128	AVX512F_SCALAR	48
vcvtsd2ss	vex	128	AVX	48
vcvtsd2usi	evex	128	AVX512F_SCALAR	4144
vcvtsh2sd	evex	128	AVX512_FP16_SCALAR	56
vcvtsh2si	evex	0	AVX512_FP16_SCALAR	4136
vcvtsh2si	evex	128	AVX512_FP16_SCALAR	4152
vcvtsh2ss	evex	128	AVX512_FP16_SCALAR	56
vcvtsh2usi	evex	0	AVX512_FP16_SCALAR	4136
vcvtsh2usi	evex	128	AVX512_FP16_SCALAR	4152
vcvtsi2sd	evex	128	AVX512F_SCALAR	4144
vcvtsi2sd	vex	128	AVX	4144
vcvtsi2sh	evex	128	AVX512_FP16_SCALAR	4152
vcvtsi2ss	evex	128	AVX512F_SCALAR	4144
vcvtsi2ss	vex	128	AVX	4144
vcvtss2sd	evex	128	AVX512F_SCALAR	48
vcvtss2sd	vex	128	AVX	48
vcvtss2sh	evex	128	AVX512_FP16_SCALAR	56
vcvtss2si	evex	128	AVX512F_SCALAR	4144
vcvtss2si	vex	0	AVX	4128
vcvtss2si	vex	128	AVX	4128
vcvtss2usi	evex	128	AVX512F_SCALAR	4144
vcvttbf162ibs	evex	128	AVX512_SAT_CVT_128	40
vcvttbf162ibs	evex	256	AVX512_SAT_CVT_256	40
vcvttbf162ibs	evex	512	AVX512_SAT_CVT_512	40
vcvttbf162iubs	evex	128	AVX512_SAT_CVT_128	40
vcvttbf162iubs	evex	256	AVX512_SAT_CVT_256	40
vcvttbf162iubs	evex	512	AVX512_SAT_CVT_512	40
vcvttpd2dq	evex	128	AVX512F_128	48
vcvttpd2dq	evex	256	AVX512F_256	48
vcvttpd2dq	evex	512	AVX512F_512	48
vcvttpd2dq	vex	128	AVX	48
vcvttpd2dq	vex	256	AVX	48
vcvttpd2dqs	evex	128	AVX512_SAT_CVT_DS_128	40
vcvttpd2dqs	evex	256	AVX512_SAT_CVT_DS_256	40
vcvttpd2dqs	evex	512	AVX512_SAT_CVT_DS_512	40
vcvttpd2qq	evex	128	AVX512DQ_128	48
vcvttpd2qq	evex	256	AVX512DQ_256	48
vcvttpd2qq	evex	512	AVX512DQ_512	48
vcvttpd2qqs	evex	128	AVX512_SAT_CVT_DS_128	40
vcvttpd2qqs	evex	256	AVX512_SAT_CVT_DS_256	40
vcvttpd2qqs	evex	512	AVX512_SAT_CVT_DS_512	40
vcvttpd2udq	evex	128	AVX512F_128	48
vcvttpd2udq	evex	256	AVX512F_256	48
vcvttpd2udq	evex	512	AVX512F_512	48
vcvttpd2udqs	evex	128	AVX512_SAT_CVT_DS_128	40
vcvttpd2udqs	evex	256	AVX512_SAT_CVT_DS_256	40
vcvttpd2udqs	evex	512	AVX512_SAT_CVT_DS_512	40
vcvttpd2uqq	evex	128	AVX512DQ_128	48
vcvttpd2uqq	evex	256	AVX512DQ_256	48
vcvttpd2uqq	evex	512	AVX512DQ_512	48
vcvttpd2uqqs	evex	128	AVX512_SAT_CVT_DS_128	40
vcvttpd2uqqs	evex	256	AVX512_SAT_CVT_DS_256	40
vcvttpd2uqqs	evex	512	AVX512_SAT_CVT_DS_512	40
vcvttph2dq	evex	128	AVX512_FP16_128	56
vcvttph2dq	evex	256	AVX512_FP16_256	56
vcvttph2dq	evex	512	AVX512_FP16_512	56
vcvttph2ibs	evex	128	AVX512_SAT_CVT_128	40
vcvttph2ibs	evex	256	AVX512_SAT_CVT_256	40
vcvttph2ibs	evex	512	AVX512_SAT_CVT_512	40
vcvttph2iubs	evex	128	AVX512_SAT_CVT_128	40
vcvttph2iubs	evex	256	AVX512_SAT_CVT_256	40
vcvttph2iubs	evex	512	AVX512_SAT_CVT_512	40
vcvttph2qq	evex	128	AVX512_FP16_128	56
vcvttph2qq	evex	256	AVX512_FP16_256	56
vcvttph2qq	evex	512	AVX512_FP16_512	56
vcvttph2udq	evex	128	AVX512_FP16_128	56
vcvttph2udq	evex	256	AVX512_FP16_256	56
vcvttph2udq	evex	512	AVX512_FP16_512	56
vcvttph2uqq	evex	128	AVX512_FP16_128	56
vcvttph2uqq	evex	256	AVX512_FP16_256	56
vcvttph2uqq	evex	512	AVX512_FP16_512	56
vcvttph2uw	evex	128	AVX512_FP16_128	56
vcvttph2uw	evex	256	AVX512_FP16_256	56
vcvttph2uw	evex	512	AVX512_FP16_512	56
vcvttph2w	evex	128	AVX512_FP16_128	56
vcvttph2w	evex	256	AVX512_FP16_256	56
vcvttph2w	evex	512	AVX512_FP16_512	56
vcvttps2dq	evex	128	AVX512F_128	48
vcvttps2dq	evex	256	AVX512F_256	48
vcvttps2dq	evex	512	AVX512F_512	48
vcvttps2dq	vex	128	AVX	48
vcvttps2dq	vex	256	AVX	48
vcvttps2dqs	evex	128	AVX512_SAT_CVT_DS_128	40
vcvttps2dqs	evex	256	AVX512_SAT_CVT_DS_256	40
vcvttps2dqs	evex	512	AVX512_SAT_CVT_DS_512	40
vcvttps2ibs	evex	128	AVX512_SAT_CVT_128	40
vcvttps2ibs	evex	256	AVX512_SAT_CVT_256	40
vcvttps2ibs	evex	512	AVX512_SAT_CVT_512	40
vcvttps2iubs	evex	128	AVX512_SAT_CVT_128	40
vcvttps2iubs	evex	256	AVX512_SAT_CVT_256	40
vcvttps2iubs	evex	512	AVX512_SAT_CVT_512	40
vcvttps2qq	evex	128	AVX512DQ_128	48
vcvttps2qq	evex	256	AVX512DQ_256	48
vcvttps2qq	evex	512	AVX512DQ_512	48
vcvttps2qqs	evex	128	AVX512_SAT_CVT_DS_128	40
vcvttps2qqs	evex	256	AVX512_SAT_CVT_DS_256	40
vcvttps2qqs	evex	512	AVX512_SAT_CVT_DS_512	40
vcvttps2udq	evex	128	AVX512F_128	48
vcvttps2udq	evex	256	AVX512F_256	48
vcvttps2udq	evex	512	AVX512F_512	48
vcvttps2udqs	evex	128	AVX512_SAT_CVT_DS_128	40
vcvttps2udqs	evex	256	AVX512_SAT_CVT_DS_256	40
vcvttps2udqs	evex	512	AVX512_SAT_CVT_DS_512	40
vcvttps2uqq	evex	128	AVX512DQ_128	48
vcvttps2uqq	evex	256	AVX512DQ_256	48
vcvttps2uqq	evex	512	AVX512DQ_512	48
vcvttps2uqqs	evex	128	AVX512_SAT_CVT_DS_128	40
vcvttps2uqqs	evex	256	AVX512_SAT_CVT_DS_256	40
vcvttps2uqqs	evex	512	AVX512_SAT_CVT_DS_512	40
vcvttsd2si	evex	128	AVX512F_SCALAR	4144
vcvttsd2si	vex	0	AVX	4128
vcvttsd2si	vex	128	AVX	4128
vcvttsd2sis	evex	128	AVX512_SAT_CVT_DS_SCALAR	4136
vcvttsd2usi	evex	128	AVX512F_SCALAR	4144
vcvttsd2usis	evex	128	AVX512_SAT_CVT_DS_SCALAR	4136
vcvttsh2si	evex	0	AVX512_FP16_SCALAR	4136
vcvttsh2si	evex	128	AVX512_FP16_SCALAR	4152
vcvttsh2usi	evex	0	AVX512_FP16_SCALAR	4136
vcvttsh2usi	evex	128	AVX512_FP16_SCALAR	4152
vcvttss2si	evex	128	AVX512F_SCALAR	4144
vcvttss2si	vex	0	AVX	4128
vcvttss2si	vex	128	AVX	4128
vcvttss2sis	evex	128	AVX512_SAT_CVT_DS_SCALAR	4136
vcvttss2usi	evex	128	AVX512F_SCALAR	4144
vcvttss2usis	evex	128	AVX512_SAT_CVT_DS_SCALAR	4136
vcvtudq2pd	evex	128	AVX512F_128	48
vcvtudq2pd	evex	256	AVX512F_256	48
vcvtudq2pd	evex	512	AVX512F_512	48
vcvtudq2ph	evex	128	AVX512_FP16_128	56
vcvtudq2ph	evex	256	AVX512_FP16_256	56
vcvtudq2ph	evex	512	AVX512_FP16_512	56
vcvtudq2ps	evex	128	AVX512F_128	48
vcvtudq2ps	evex	256	AVX512F_256	48
vcvtudq2ps	evex	512	AVX512F_512	48
vcvtuqq2pd	evex	128	AVX512DQ_128	48
vcvtuqq2pd	evex	256	AVX512DQ_256	48
vcvtuqq2pd	evex	512	AVX512DQ_512	48
vcvtuqq2ph	evex	128	AVX512_FP16_128	56
vcvtuqq2ph	evex	256	AVX512_FP16_256	56
vcvtuqq2ph	evex	512	AVX512_FP16_512	56
vcvtuqq2ps	evex	128	AVX512DQ_128	48
vcvtuqq2ps	evex	256	AVX512DQ_256	48
vcvtuqq2ps	evex	512	AVX512DQ_512	48
vcvtusi2sd	evex	128	AVX512F_SCALAR	4144
vcvtusi2sh	evex	128	AVX512_FP16_SCALAR	4152
vcvtusi2ss	evex	128	AVX512F_SCALAR	4144
vcvtuw2ph	evex	128	AVX512_FP16_128	56
vcvtuw2ph	evex	256	AVX512_FP16_256	56
vcvtuw2ph	evex	512	AVX512_FP16_512	56
vcvtw2ph	evex	128	AVX512_FP16_128	56
vcvtw2ph	evex	256	AVX512_FP16_256	56
vcvtw2ph	evex	512	AVX512_FP16_512	56
vdbpsadbw	evex	128	AVX512BW_128	48
vdbpsadbw	evex	256	AVX512BW_256	48
vdbpsadbw	evex	512	AVX512BW_512	48
vdivbf16	evex	128	AVX10_2_BF16_128	40
vdivbf16	evex	256	AVX10_2_BF16_256	40
vdivbf16	evex	512	AVX10_2_BF16_512	40
vdivpd	evex	128	AVX512F_128	48
vdivpd	evex	256	AVX512F_256	48
vdivpd	evex	512	AVX512F_512	48
vdivpd	vex	128	AVX	48
vdivpd	vex	256	AVX	48
vdivph	evex	128	AVX512_FP16_128	56
vdivph	evex	256	AVX512_FP16_256	56
vdivph	evex	512	AVX512_FP16_512	56
vdivps	evex	128	AVX512F_128	48
vdivps	evex	256	AVX512F_256	48
vdivps	evex	512	AVX512F_512	48
vdivps	vex	128	AVX	48
vdivps	vex	256	AVX	48
vdivsd	evex	128	AVX512F_SCALAR	48
vdivsd	vex	128	AVX	48
vdivsh	evex	128	AVX512_FP16_SCALAR	56
vdivss	evex	128	AVX512F_SCALAR	48
vdivss	vex	128	AVX	48
vdpbf16ps	evex	128	AVX512_BF16_128	56
vdpbf16ps	evex	256	AVX512_BF16_256	56
vdpbf16ps	evex	512	AVX512_BF16_512	56
vdppd	vex	128	AVX	48
vdpphps	evex	128	AVX512_VNNI_FP16_128	40
vdpphps	evex	256	AVX512_VNNI_FP16_256	40
vdpphps	evex	512	AVX512_VNNI_FP16_512	40
vdpps	vex	128	AVX	48
vdpps	vex	256	AVX	48
verr	legacy	0	I286PROTECTED	48
verw	legacy	0	I286PROTECTED	48
vexp2pd	evex	512	AVX512ER_512	32
vexp2ps	evex	512	AVX512ER_512	32
vexpandpd	evex	128	AVX512F_128	48
vexpandpd	evex	256	AVX512F_256	48
vexpandpd	evex	512	AVX512F_512	48
vexpandps	evex	128	AVX512F_128	48
vexpandps	evex	256	AVX512F_256	48
vexpandps	evex	512	AVX512F_512	48
vextractf128	vex	256	AVX	48
vextractf32x4	evex	256	AVX512F_256	48
vextractf32x4	evex	512	AVX512F_512	32
vextractf32x8	evex	512	AVX512DQ_512	48
vextractf64x2	evex	256	AVX512DQ_256	48
vextractf64x2	evex	512	AVX512DQ_512	48
vextractf64x4	evex	512	AVX512F_512	32
vextracti128	vex	256	AVX2	48
vextracti32x4	evex	256	AVX512F_256	48
vextracti32x4	evex	512	AVX512F_512	32
vextracti32x8	evex	512	AVX512DQ_512	48
vextracti64x2	evex	256	AVX512DQ_256	48
vextracti64x2	evex	512	AVX512DQ_512	48
vextracti64x4	evex	512	AVX512F_512	32
vextractps	evex	128	AVX512F_128N	48
vextractps	vex	128	AVX	48
vfcmaddcph	evex	128	AVX512_FP16_128	56
vfcmaddcph	evex	256	AVX512_FP16_256	56
vfcmaddcph	evex	512	AVX512_FP16_512	56
vfcmaddcsh	evex	128	AVX512_FP16_SCALAR	56
vfcmulcph	evex	128	AVX512_FP16_128	56
vfcmulcph	evex	256	AVX512_FP16_256	56
vfcmulcph	evex	512	AVX512_FP16_512	56
vfcmulcsh	evex	128	AVX512_FP16_SCALAR	56
vfixupimmpd	evex	128	AVX512F_128	48
vfixupimmpd	evex	256	AVX512F_256	48
vfixupimmpd	evex	512	AVX512F_512	48
vfixupimmps	evex	128	AVX512F_128	48
vfixupimmps	evex	256	AVX512F_256	48
vfixupimmps	evex	512	AVX512F_512	48
vfixupimmsd	evex	128	AVX512F_SCALAR	48
vfixupimmss	evex	128	AVX512F_SCALAR	48
vfmadd132bf16	evex	128	AVX10_2_BF16_128	40
vfmadd132bf16	evex	256	AVX10_2_BF16_256	40
vfmadd132bf16	evex	512	AVX10_2_BF16_512	40
vfmadd132pd	evex	128	AVX512F_128	48
vfmadd132pd	evex	256	AVX512F_256	48
vfmadd132pd	evex	512	AVX512F_512	48
vfmadd132pd	vex	128	FMA	48
vfmadd132pd	vex	256	FMA	48
vfmadd132ph	evex	128	AVX512_FP16_128	56
vfmadd132ph	evex	256	AVX512_FP16_256	56
vfmadd132ph	evex	512	AVX512_FP16_512	56
vfmadd132ps	evex	128	AVX512F_128	48
vfmadd132ps	evex	256	AVX512F_256	48
vfmadd132ps	evex	512	AVX512F_512	48
vfmadd132ps	vex	128	FMA	48
vfmadd132ps	vex	256	FMA	48
vfmadd132sd	evex	128	AVX512F_SCALAR	48
vfmadd132sd	vex	128	FMA	48
vfmadd132sh	evex	128	AVX512_FP16_SCALAR	56
vfmadd132ss	evex	128	AVX512F_SCALAR	48
vfmadd132ss	vex	128	FMA	48
vfmadd213bf16	evex	128	AVX10_2_BF16_128	40
vfmadd213bf16	evex	256	AVX10_2_BF16_256	40
vfmadd213bf16	evex	512	AVX10_2_BF16_512	40
vfmadd213pd	evex	128	AVX512F_128	48
vfmadd213pd	evex	256	AVX512F_256	48
vfmadd213pd	evex	512	AVX512F_512	48
vfmadd213pd	vex	128	FMA	48
vfmadd213pd	vex	256	FMA	48
vfmadd213ph	evex	128	AVX512_FP16_128	56
vfmadd213ph	evex	256	AVX512_FP16_256	56
vfmadd213ph	evex	512	AVX512_FP16_512	56
vfmadd213ps	evex	128	AVX512F_128	48
vfmadd213ps	evex	256	AVX512F_256	48
vfmadd213ps	evex	512	AVX512F_512	48
vfmadd213ps	vex	128	FMA	48
vfmadd213ps	vex	256	FMA	48
vfmadd213sd	evex	128	AVX512F_SCALAR	48
vfmadd213sd	vex	128	FMA	48
vfmadd213sh	evex	128	AVX512_FP16_SCALAR	56
vfmadd213ss	evex	128	AVX512F_SCALAR	48
vfmadd213ss	vex	128	FMA	48
vfmadd231bf16	evex	128	AVX10_2_BF16_128	40
vfmadd231bf16	evex	256	AVX10_2_BF16_256	40
vfmadd231bf16	evex	512	AVX10_2_BF16_512	40
vfmadd231pd	evex	128	AVX512F_128	48
vfmadd231pd	evex	256	AVX512F_256	48
vfmadd231pd	evex	512	AVX512F_512	48
vfmadd231pd	vex	128	FMA	48
vfmadd231pd	vex	256	FMA	48
vfmadd231ph	evex	128	AVX512_FP16_128	56
vfmadd231ph	evex	256	AVX512_FP16_256	56
vfmadd231ph	evex	512	AVX512_FP16_512	56
vfmadd231ps	evex	128	AVX512F_128	48
vfmadd231ps	evex	256	AVX512F_256	48
vfmadd231ps	evex	512	AVX512F_512	48
vfmadd231ps	vex	128	FMA	48
vfmadd231ps	vex	256	FMA	48
vfmadd231sd	evex	128	AVX512F_SCALAR	48
vfmadd231sd	vex	128	FMA	48
vfmadd231sh	evex	128	AVX512_FP16_SCALAR	56
vfmadd231ss	evex	128	AVX512F_SCALAR	48
vfmadd231ss	vex	128	FMA	48
vfmaddcph	evex	128	AVX512_FP16_128	56
vfmaddcph	evex	256	AVX512_FP16_256	56
vfmaddcph	evex	512	AVX512_FP16_512	56
vfmaddcsh	evex	128	AVX512_FP16_SCALAR	56
vfmaddpd	vex	128	FMA4	32
vfmaddpd	vex	256	FMA4	32
vfmaddps	vex	128	FMA4	32
vfmaddps	vex	256	FMA4	32
vfmaddsd	vex	128	FMA4	32
vfmaddss	vex	128	FMA4	32
vfmaddsub132pd	evex	128	AVX512F_128	48
vfmaddsub132pd	evex	256	AVX512F_256	48
vfmaddsub132pd	evex	512	AVX512F_512	48
vfmaddsub132pd	vex	128	FMA	48
vfmaddsub132pd	vex	256	FMA	48
vfmaddsub132ph	evex	128	AVX512_FP16_128	56
vfmaddsub132ph	evex	256	AVX512_FP16_256	56
vfmaddsub132ph	evex	512	AVX512_FP16_512	56
vfmaddsub132ps	evex	128	AVX512F_128	48
vfmaddsub132ps	evex	256	AVX512F_256	48
vfmaddsub132ps	evex	512	AVX512F_512	48
vfmaddsub132ps	vex	128	FMA	48
vfmaddsub132ps	vex	256	FMA	48
vfmaddsub213pd	evex	128	AVX512F_128	48
vfmaddsub213pd	evex	256	AVX512F_256	48
vfmaddsub213pd	evex	512	AVX512F_512	48
vfmaddsub213pd	vex	128	FMA	48
vfmaddsub213pd	vex	256	FMA	48
vfmaddsub213ph	evex	128	AVX512_FP16_128	56
vfmaddsub213ph	evex	256	AVX512_FP16_256	56
vfmaddsub213ph	evex	512	AVX512_FP16_512	56
vfmaddsub213ps	evex	128	AVX512F_128	48
vfmaddsub213ps	evex	256	AVX512F_256	48
vfmaddsub213ps	evex	512	AVX512F_512	48
vfmaddsub213ps	vex	128	FMA	48
vfmaddsub213ps	vex	256	FMA	48
vfmaddsub231pd	evex	128	AVX512F_128	48
vfmaddsub231pd	evex	256	AVX512F_256	48
vfmaddsub231pd	evex	512	AVX512F_512	48
vfmaddsub231pd	vex	128	FMA	48
vfmaddsub231pd	vex	256	FMA	48
vfmaddsub231ph	evex	128	AVX512_FP16_128	56
vfmaddsub231ph	evex	256	AVX512_FP16_256	56
vfmaddsub231ph	evex	512	AVX512_FP16_512	56
vfmaddsub231ps	evex	128	AVX512F_128	48
vfmaddsub231ps	evex	256	AVX512F_256	48
vfmaddsub231ps	evex	512	AVX512F_512	48
vfmaddsub231ps	vex	128	FMA	48
vfmaddsub231ps	vex	256	FMA	48
vfmaddsubpd	vex	128	FMA4	32
vfmaddsubpd	vex	256	FMA4	32
vfmaddsubps	vex	128	FMA4	32
vfmaddsubps	vex	256	FMA4	32
vfmsub132bf16	evex	128	AVX10_2_BF16_128	40
vfmsub132bf16	evex	256	AVX10_2_BF16_256	40
vfmsub132bf16	evex	512	AVX10_2_BF16_512	40
vfmsub132pd	evex	128	AVX512F_128	48
vfmsub132pd	evex	256	AVX512F_256	48
vfmsub132pd	evex	512	AVX512F_512	48
vfmsub132pd	vex	128	FMA	48
vfmsub132pd	vex	256	FMA	48
vfmsub132ph	evex	128	AVX512_FP16_128	56
vfmsub132ph	evex	256	AVX512_FP16_256	56
vfmsub132ph	evex	512	AVX512_FP16_512	56
vfmsub132ps	evex	128	AVX512F_128	48
vfmsub132ps	evex	256	AVX512F_256	48
vfmsub132ps	evex	512	AVX512F_512	48
vfmsub132ps	vex	128	FMA	48
vfmsub132ps	vex	256	FMA	48
vfmsub132sd	evex	128	AVX512F_SCALAR	48
vfmsub132sd	vex	128	FMA	48
vfmsub132sh	evex	128	AVX512_FP16_SCALAR	56
vfmsub132ss	evex	128	AVX512F_SCALAR	48
vfmsub132ss	vex	128	FMA	48
vfmsub213bf16	evex	128	AVX10_2_BF16_128	40
vfmsub213bf16	evex	256	AVX10_2_BF16_256	40
vfmsub213bf16	evex	512	AVX10_2_BF16_512	40
vfmsub213pd	evex	128	AVX512F_128	48
vfmsub213pd	evex	256	AVX512F_256	48
vfmsub213pd	evex	512	AVX512F_512	48
vfmsub213pd	vex	128	FMA	48
vfmsub213pd	vex	256	FMA	48
vfmsub213ph	evex	128	AVX512_FP16_128	56
vfmsub213ph	evex	256	AVX512_FP16_256	56
vfmsub213ph	evex	512	AVX512_FP16_512	56
vfmsub213ps	evex	128	AVX512F_128	48
vfmsub213ps	evex	256	AVX512F_256	48
vfmsub213ps	evex	512	AVX512F_512	48
vfmsub213ps	vex	128	FMA	48
vfmsub213ps	vex	256	FMA	48
vfmsub213sd	evex	128	AVX512F_SCALAR	48
vfmsub213sd	vex	128	FMA	48
vfmsub213sh	evex	128	AVX512_FP16_SCALAR	56
vfmsub213ss	evex	128	AVX512F_SCALAR	48
vfmsub213ss	vex	128	FMA	48
vfmsub231bf16	evex	128	AVX10_2_BF16_128	40
vfmsub231bf16	evex	256	AVX10_2_BF16_256	40
vfmsub231bf16	evex	512	AVX10_2_BF16_512	40
vfmsub231pd	evex	128	AVX512F_128	48
vfmsub231pd	evex	256	AVX512F_256	48
vfmsub231pd	evex	512	AVX512F_512	48
vfmsub231pd	vex	128	FMA	48
vfmsub231pd	vex	256	FMA	48
vfmsub231ph	evex	128	AVX512_FP16_128	56
vfmsub231ph	evex	256	AVX512_FP16_256	56
vfmsub231ph	evex	512	AVX512_FP16_512	56
vfmsub231ps	evex	128	AVX512F_128	48
vfmsub231ps	evex	256	AVX512F_256	48
vfmsub231ps	evex	512	AVX512F_512	48
vfmsub231ps	vex	128	FMA	48
vfmsub231ps	vex	256	FMA	48
vfmsub231sd	evex	128	AVX512F_SCALAR	48
vfmsub231sd	vex	128	FMA	48
vfmsub231sh	evex	128	AVX512_FP16_SCALAR	56
vfmsub231ss	evex	128	AVX512F_SCALAR	48
vfmsub231ss	vex	128	FMA	48
vfmsubadd132pd	evex	128	AVX512F_128	48
vfmsubadd132pd	evex	256	AVX512F_256	48
vfmsubadd132pd	evex	512	AVX512F_512	48
vfmsubadd132pd	vex	128	FMA	48
vfmsubadd132pd	vex	256	FMA	48
vfmsubadd132ph	evex	128	AVX512_FP16_128	56
vfmsubadd132ph	evex	256	AVX512_FP16_256	56
vfmsubadd132ph	evex	512	AVX512_FP16_512	56
vfmsubadd132ps	evex	128	AVX512F_128	48
vfmsubadd132ps	evex	256	AVX512F_256	48
vfmsubadd132ps	evex	512	AVX512F_512	48
vfmsubadd132ps	vex	128	FMA	48
vfmsubadd132ps	vex	256	FMA	48
vfmsubadd213pd	evex	128	AVX512F_128	48
vfmsubadd213pd	evex	256	AVX512F_256	48
vfmsubadd213pd	evex	512	AVX512F_512	48
vfmsubadd213pd	vex	128	FMA	48
vfmsubadd213pd	vex	256	FMA	48
vfmsubadd213ph	evex	128	AVX512_FP16_128	56
vfmsubadd213ph	evex	256	AVX512_FP16_256	56
vfmsubadd213ph	evex	512	AVX512_FP16_512	56
vfmsubadd213ps	evex	128	AVX512F_128	48
vfmsubadd213ps	evex	256	AVX512F_256	48
vfmsubadd213ps	evex	512	AVX512F_512	48
vfmsubadd213ps	vex	128	FMA	48
vfmsubadd213ps	vex	256	FMA	48
vfmsubadd231pd	evex	128	AVX512F_128	48
vfmsubadd231pd	evex	256	AVX512F_256	48
vfmsubadd231pd	evex	512	AVX512F_512	48
vfmsubadd231pd	vex	128	FMA	48
vfmsubadd231pd	vex	256	FMA	48
vfmsubadd231ph	evex	128	AVX512_FP16_128	56
vfmsubadd231ph	evex	256	AVX512_FP16_256	56
vfmsubadd231ph	evex	512	AVX512_FP16_512	56
vfmsubadd231ps	evex	128	AVX512F_128	48
vfmsubadd231ps	evex	256	AVX512F_256	48
vfmsubadd231ps	evex	512	AVX512F_512	48
vfmsubadd231ps	vex	128	FMA	48
vfmsubadd231ps	vex	256	FMA	48
vfmsubaddpd	vex	128	FMA4	32
vfmsubaddpd	vex	256	FMA4	32
vfmsubaddps	vex	128	FMA4	32
vfmsubaddps	vex	256	FMA4	32
vfmsubpd	vex	128	FMA4	32
vfmsubpd	vex	256	FMA4	32
vfmsubps	vex	128	FMA4	32
vfmsubps	vex	256	FMA4	32
vfmsubsd	vex	128	FMA4	32
vfmsubss	vex	128	FMA4	32
vfmulcph	evex	128	AVX512_FP16_128	56
vfmulcph	evex	256	AVX512_FP16_256	56
vfmulcph	evex	512	AVX512_FP16_512	56
vfmulcsh	evex	128	AVX512_FP16_SCALAR	56
vfnmadd132bf16	evex	128	AVX10_2_BF16_128	40
vfnmadd132bf16	evex	256	AVX10_2_BF16_256	40
vfnmadd132bf16	evex	512	AVX10_2_BF16_512	40
vfnmadd132pd	evex	128	AVX512F_128	48
vfnmadd132pd	evex	256	AVX512F_256	48
vfnmadd132pd	evex	512	AVX512F_512	48
vfnmadd132pd	vex	128	FMA	48
vfnmadd132pd	vex	256	FMA	48
vfnmadd132ph	evex	128	AVX512_FP16_128	56
vfnmadd132ph	evex	256	AVX512_FP16_256	56
vfnmadd132ph	evex	512	AVX512_FP16_512	56
vfnmadd132ps	evex	128	AVX512F_128	48
vfnmadd132ps	evex	256	AVX512F_256	48
vfnmadd132ps	evex	512	AVX512F_512	48
vfnmadd132ps	vex	128	FMA	48
vfnmadd132ps	vex	256	FMA	48
vfnmadd132sd	evex	128	AVX512F_SCALAR	48
vfnmadd132sd	vex	128	FMA	48
vfnmadd132sh	evex	128	AVX512_FP16_SCALAR	56
vfnmadd132ss	evex	128	AVX512F_SCALAR	48
vfnmadd132ss	vex	128	FMA	48
vfnmadd213bf16	evex	128	AVX10_2_BF16_128	40
vfnmadd213bf16	evex	256	AVX10_2_BF16_256	40
vfnmadd213bf16	evex	512	AVX10_2_BF16_512	40
vfnmadd213pd	evex	128	AVX512F_128	48
vfnmadd213pd	evex	256	AVX512F_256	48
vfnmadd213pd	evex	512	AVX512F_512	48
vfnmadd213pd	vex	128	FMA	48
vfnmadd213pd	vex	256	FMA	48
vfnmadd213ph	evex	128	AVX512_FP16_128	56
vfnmadd213ph	evex	256	AVX512_FP16_256	56
vfnmadd213ph	evex	512	AVX512_FP16_512	56
vfnmadd213ps	evex	128	AVX512F_128	48
vfnmadd213ps	evex	256	AVX512F_256	48
vfnmadd213ps	evex	512	AVX512F_512	48
vfnmadd213ps	vex	128	FMA	48
vfnmadd213ps	vex	256	FMA	48
vfnmadd213sd	evex	128	AVX512F_SCALAR	48
vfnmadd213sd	vex	128	FMA	48
vfnmadd213sh	evex	128	AVX512_FP16_SCALAR	56
vfnmadd213ss	evex	128	AVX512F_SCALAR	48
vfnmadd213ss	vex	128	FMA	48
vfnmadd231bf16	evex	128	AVX10_2_BF16_128	40
vfnmadd231bf16	evex	256	AVX10_2_BF16_256	40
vfnmadd231bf16	evex	512	AVX10_2_BF16_512	40
vfnmadd231pd	evex	128	AVX512F_128	48
vfnmadd231pd	evex	256	AVX512F_256	48
vfnmadd231pd	evex	512	AVX512F_512	48
vfnmadd231pd	vex	128	FMA	48
vfnmadd231pd	vex	256	FMA	48
vfnmadd231ph	evex	128	AVX512_FP16_128	56
vfnmadd231ph	evex	256	AVX512_FP16_256	56
vfnmadd231ph	evex	512	AVX512_FP16_512	56
vfnmadd231ps	evex	128	AVX512F_128	48
vfnmadd231ps	evex	256	AVX512F_256	48
vfnmadd231ps	evex	512	AVX512F_512	48
vfnmadd231ps	vex	128	FMA	48
vfnmadd231ps	vex	256	FMA	48
vfnmadd231sd	evex	128	AVX512F_SCALAR	48
vfnmadd231sd	vex	128	FMA	48
vfnmadd231sh	evex	128	AVX512_FP16_SCALAR	56
vfnmadd231ss	evex	128	AVX512F_SCALAR	48
vfnmadd231ss	vex	128	FMA	48
vfnmaddpd	vex	128	FMA4	32
vfnmaddpd	vex	256	FMA4	32
vfnmaddps	vex	128	FMA4	32
vfnmaddps	vex	256	FMA4	32
vfnmaddsd	vex	128	FMA4	32
vfnmaddss	vex	128	FMA4	32
vfnmsub132bf16	evex	128	AVX10_2_BF16_128	40
vfnmsub132bf16	evex	256	AVX10_2_BF16_256	40
vfnmsub132bf16	evex	512	AVX10_2_BF16_512	40
vfnmsub132pd	evex	128	AVX512F_128	48
vfnmsub132pd	evex	256	AVX512F_256	48
vfnmsub132pd	evex	512	AVX512F_512	48
vfnmsub132pd	vex	128	FMA	48
vfnmsub132pd	vex	256	FMA	48
vfnmsub132ph	evex	128	AVX512_FP16_128	56
vfnmsub132ph	evex	256	AVX512_FP16_256	56
vfnmsub132ph	evex	512	AVX512_FP16_512	56
vfnmsub132ps	evex	128	AVX512F_128	48
vfnmsub132ps	evex	256	AVX512F_256	48
vfnmsub132ps	evex	512	AVX512F_512	48
vfnmsub132ps	vex	128	FMA	48
vfnmsub132ps	vex	256	FMA	48
vfnmsub132sd	evex	128	AVX512F_SCALAR	48
vfnmsub132sd	vex	128	FMA	48
vfnmsub132sh	evex	128	AVX512_FP16_SCALAR	56
vfnmsub132ss	evex	128	AVX512F_SCALAR	48
vfnmsub132ss	vex	128	FMA	48
vfnmsub213bf16	evex	128	AVX10_2_BF16_128	40
vfnmsub213bf16	evex	256	AVX10_2_BF16_256	40
vfnmsub213bf16	evex	512	AVX10_2_BF16_512	40
vfnmsub213pd	evex	128	AVX512F_128	48
vfnmsub213pd	evex	256	AVX512F_256	48
vfnmsub213pd	evex	512	AVX512F_512	48
vfnmsub213pd	vex	128	FMA	48
vfnmsub213pd	vex	256	FMA	48
vfnmsub213ph	evex	128	AVX512_FP16_128	56
vfnmsub213ph	evex	256	AVX512_FP16_256	56
vfnmsub213ph	evex	512	AVX512_FP16_512	56
vfnmsub213ps	evex	128	AVX512F_128	48
vfnmsub213ps	evex	256	AVX512F_256	48
vfnmsub213ps	evex	512	AVX512F_512	48
vfnmsub213ps	vex	128	FMA	48
vfnmsub213ps	vex	256	FMA	48
vfnmsub213sd	evex	128	AVX512F_SCALAR	48
vfnmsub213sd	vex	128	FMA	48
vfnmsub213sh	evex	128	AVX512_FP16_SCALAR	56
vfnmsub213ss	evex	128	AVX512F_SCALAR	48
vfnmsub213ss	vex	128	FMA	48
vfnmsub231bf16	evex	128	AVX10_2_BF16_128	40
vfnmsub231bf16	evex	256	AVX10_2_BF16_256	40
vfnmsub231bf16	evex	512	AVX10_2_BF16_512	40
vfnmsub231pd	evex	128	AVX512F_128	48
vfnmsub231pd	evex	256	AVX512F_256	48
vfnmsub231pd	evex	512	AVX512F_512	48
vfnmsub231pd	vex	128	FMA	48
vfnmsub231pd	vex	256	FMA	48
vfnmsub231ph	evex	128	AVX512_FP16_128	56
vfnmsub231ph	evex	256	AVX512_FP16_256	56
vfnmsub231ph	evex	512	AVX512_FP16_512	56
vfnmsub231ps	evex	128	AVX512F_128	48
vfnmsub231ps	evex	256	AVX512F_256	48
vfnmsub231ps	evex	512	AVX512F_512	48
vfnmsub231ps	vex	128	FMA	48
vfnmsub231ps	vex	256	FMA	48
vfnmsub231sd	evex	128	AVX512F_SCALAR	48
vfnmsub231sd	vex	128	FMA	48
vfnmsub231sh	evex	128	AVX512_FP16_SCALAR	56
vfnmsub231ss	evex	128	AVX512F_SCALAR	48
vfnmsub231ss	vex	128	FMA	48
vfnmsubpd	vex	128	FMA4	32
vfnmsubpd	vex	256	FMA4	32
vfnmsubps	vex	128	FMA4	32
vfnmsubps	vex	256	FMA4	32
vfnmsubsd	vex	128	FMA4	32
vfnmsubss	vex	128	FMA4	32
vfpclassbf16	evex	128	AVX10_2_BF16_128	40
vfpclassbf16	evex	256	AVX10_2_BF16_256	40
vfpclassbf16	evex	512	AVX10_2_BF16_512	40
vfpclasspd	evex	128	AVX512DQ_128	48
vfpclasspd	evex	256	AVX512DQ_256	48
vfpclasspd	evex	512	AVX512DQ_512	48
vfpclassph	evex	128	AVX512_FP16_128	56
vfpclassph	evex	256	AVX512_FP16_256	56
vfpclassph	evex	512	AVX512_FP16_512	56
vfpclassps	evex	128	AVX512DQ_128	48
vfpclassps	evex	256	AVX512DQ_256	48
vfpclassps	evex	512	AVX512DQ_512	48
vfpclasssd	evex	128	AVX512DQ_SCALAR	48
vfpclasssh	evex	0	AVX512_FP16_SCALAR	40
vfpclasssh	evex	128	AVX512_FP16_SCALAR	56
vfpclassss	evex	128	AVX512DQ_SCALAR	48
vfrczpd	xop	128	XOP	32
vfrczpd	xop	256	XOP	32
vfrczps	xop	128	XOP	32
vfrczps	xop	256	XOP	32
vfrczsd	xop	128	XOP	32
vfrczss	xop	128	XOP	32
vgatherdpd	evex	128	AVX512F_128	48
vgatherdpd	evex	256	AVX512F_256	48
vgatherdpd	evex	512	AVX512F_512	48
vgatherdpd	vex	128	AVX2GATHER	48
vgatherdpd	vex	256	AVX2GATHER	48
vgatherdps	evex	128	AVX512F_128	48
vgatherdps	evex	256	AVX512F_256	48
vgatherdps	evex	512	AVX512F_512	48
vgatherdps	vex	128	AVX2GATHER	48
vgatherdps	vex	256	AVX2GATHER	48
vgatherpf0dpd	evex	512	AVX512PF_512	32
vgatherpf0dps	evex	512	AVX512PF_512	32
vgatherpf0qpd	evex	512	AVX512PF_512	32
vgatherpf0qps	evex	512	AVX512PF_512	32
vgatherpf1dpd	evex	512	AVX512PF_512	32
vgatherpf1dps	evex	512	AVX512PF_512	32
vgatherpf1qpd	evex	512	AVX512PF_512	32
vgatherpf1qps	evex	512	AVX512PF_512	32
vgatherqpd	evex	128	AVX512F_128	48
vgatherqpd	evex	256	AVX512F_256	48
vgatherqpd	evex	512	AVX512F_512	48
vgatherqpd	vex	128	AVX2GATHER	48
vgatherqpd	vex	256	AVX2GATHER	48
vgatherqps	evex	128	AVX512F_128	48
vgatherqps	evex	256	AVX512F_256	48
vgatherqps	evex	512	AVX512F_512	48
vgatherqps	vex	128	AVX2GATHER	48
vgatherqps	vex	256	AVX2GATHER	48
vgetexpbf16	evex	128	AVX10_2_BF16_128	40
vgetexpbf16	evex	256	AVX10_2_BF16_256	40
vgetexpbf16	evex	512	AVX10_2_BF16_512	40
vgetexppd	evex	128	AVX512F_128	48
vgetexppd	evex	256	AVX512F_256	48
vgetexppd	evex	512	AVX512F_512	48
vgetexpph	evex	128	AVX512_FP16_128	56
vgetexpph	evex	256	AVX512_FP16_256	56
vgetexpph	evex	512	AVX512_FP16_512	56
vgetexpps	evex	128	AVX512F_128	48
vgetexpps	evex	256	AVX512F_256	48
vgetexpps	evex	512	AVX512F_512	48
vgetexpsd	evex	128	AVX512F_SCALAR	48
vgetexpsh	evex	128	AVX512_FP16_SCALAR	56
vgetexpss	evex	128	AVX512F_SCALAR	48
vgetmantbf16	evex	128	AVX10_2_BF16_128	40
vgetmantbf16	evex	256	AVX10_2_BF16_256	40
vgetmantbf16	evex	512	AVX10_2_BF16_512	40
vgetmantpd	evex	128	AVX512F_128	48
vgetmantpd	evex	256	AVX512F_256	48
vgetmantpd	evex	512	AVX512F_512	48
vgetmantph	evex	128	AVX512_FP16_128	56
vgetmantph	evex	256	AVX512_FP16_256	56
vgetmantph	evex	512	AVX512_FP16_512	56
vgetmantps	evex	128	AVX512F_128	48
vgetmantps	evex	256	AVX512F_256	48
vgetmantps	evex	512	AVX512F_512	48
vgetmantsd	evex	128	AVX512F_SCALAR	48
vgetmantsh	evex	128	AVX512_FP16_SCALAR	56
vgetmantss	evex	128	AVX512F_SCALAR	48
vgf2p8affineinvqb	evex	128	AVX512_GFNI_128	48
vgf2p8affineinvqb	evex	256	AVX512_GFNI_256	48
vgf2p8affineinvqb	evex	512	AVX512_GFNI_512	48
vgf2p8affineinvqb	vex	128	AVX_GFNI	48
vgf2p8affineinvqb	vex	256	AVX_GFNI	48
vgf2p8affineqb	evex	128	AVX512_GFNI_128	48
vgf2p8affineqb	evex	256	AVX512_GFNI_256	48
vgf2p8affineqb	evex	512	AVX512_GFNI_512	48
vgf2p8affineqb	vex	128	AVX_GFNI	48
vgf2p8affineqb	vex	256	AVX_GFNI	48
vgf2p8mulb	evex	128	AVX512_GFNI_128	48
vgf2p8mulb	evex	256	AVX512_GFNI_256	48
vgf2p8mulb	evex	512	AVX512_GFNI_512	48
vgf2p8mulb	vex	128	AVX_GFNI	48
vgf2p8mulb	vex	256	AVX_GFNI	48
vhaddpd	vex	128	AVX	48
vhaddpd	vex	256	AVX	48
vhaddps	vex	128	AVX	48
vhaddps	vex	256	AVX	48
vhsubpd	vex	128	AVX	48
vhsubpd	vex	256	AVX	48
vhsubps	vex	128	AVX	48
vhsubps	vex	256	AVX	48
vinsertf128	vex	256	AVX	48
vinsertf32x4	evex	256	AVX512F_256	48
vinsertf32x4	evex	512	AVX512F_512	48
vinsertf32x8	evex	512	AVX512DQ_512	48
vinsertf64x2	evex	256	AVX512DQ_256	48
vinsertf64x2	evex	512	AVX512DQ_512	48
vinsertf64x4	evex	512	AVX512F_512	48
vinserti128	vex	256	AVX2	48
vinserti32x4	evex	256	AVX512F_256	48
vinserti32x4	evex	512	AVX512F_512	48
vinserti32x8	evex	512	AVX512DQ_512	48
vinserti64x2	evex	256	AVX512DQ_256	48
vinserti64x2	evex	512	AVX512DQ_512	48
vinserti64x4	evex	512	AVX512F_512	48
vinsertps	evex	128	AVX512F_128N	48
vinsertps	vex	128	AVX	48
vlddqu	vex	128	AVX	48
vlddqu	vex	256	AVX	48
vldmxcsr	vex	0	AVX	48
vmaskmovdqu	vex	128	AVX	48
vmaskmovpd	vex	128	AVX	48
vmaskmovpd	vex	256	AVX	48
vmaskmovps	vex	128	AVX	48
vmaskmovps	vex	256	AVX	48
vmaxbf16	evex	128	AVX10_2_BF16_128	40
vmaxbf16	evex	256	AVX10_2_BF16_256	40
vmaxbf16	evex	512	AVX10_2_BF16_512	40
vmaxpd	evex	128	AVX512F_128	48
vmaxpd	evex	256	AVX512F_256	48
vmaxpd	evex	512	AVX512F_512	48
vmaxpd	vex	128	AVX	48
vmaxpd	vex	256	AVX	48
vmaxph	evex	128	AVX512_FP16_128	56
vmaxph	evex	256	AVX512_FP16_256	56
vmaxph	evex	512	AVX512_FP16_512	56
vmaxps	evex	128	AVX512F_128	48
vmaxps	evex	256	AVX512F_256	48
vmaxps	evex	512	AVX512F_512	48
vmaxps	vex	128	AVX	48
vmaxps	vex	256	AVX	48
vmaxsd	evex	128	AVX512F_SCALAR	48
vmaxsd	vex	128	AVX	48
vmaxsh	evex	128	AVX512_FP16_SCALAR	56
vmaxss	evex	128	AVX512F_SCALAR	48
vmaxss	vex	128	AVX	48
vmcall	legacy	0	VTX	33
vmclear	legacy	0	VTX	33
vmfunc	legacy	0	VMFUNC	32
vminbf16	evex	128	AVX10_2_BF16_128	40
vminbf16	evex	256	AVX10_2_BF16_256	40
vminbf16	evex	512	AVX10_2_BF16_512	40
vminmaxbf16	evex	128	AVX512_MINMAX_128	40
vminmaxbf16	evex	256	AVX512_MINMAX_256	40
vminmaxbf16	evex	512	AVX512_MINMAX_512	40
vminmaxpd	evex	128	AVX512_MINMAX_128	40
vminmaxpd	evex	256	AVX512_MINMAX_256	40
vminmaxpd	evex	512	AVX512_MINMAX_512	40
vminmaxph	evex	128	AVX512_MINMAX_128	40
vminmaxph	evex	256	AVX512_MINMAX_256	40
vminmaxph	evex	512	AVX512_MINMAX_512	40
vminmaxps	evex	128	AVX512_MINMAX_128	40
vminmaxps	evex	256	AVX512_MINMAX_256	40
vminmaxps	evex	512	AVX512_MINMAX_512	40
vminmaxsd	evex	128	AVX512_MINMAX_SCALAR	40
vminmaxsh	evex	128	AVX512_MINMAX_SCALAR	40
vminmaxss	evex	128	AVX512_MINMAX_SCALAR	40
vminpd	evex	128	AVX512F_128	48
vminpd	evex	256	AVX512F_256	48
vminpd	evex	512	AVX512F_512	48
vminpd	vex	128	AVX	48
vminpd	vex	256	AVX	48
vminph	evex	128	AVX512_FP16_128	56
vminph	evex	256	AVX512_FP16_256	56
vminph	evex	512	AVX512_FP16_512	56
vminps	evex	128	AVX512F_128	48
vminps	evex	256	AVX512F_256	48
vminps	evex	512	AVX512F_512	48
vminps	vex	128	AVX	48
vminps	vex	256	AVX	48
vminsd	evex	128	AVX512F_SCALAR	48
vminsd	vex	128	AVX	48
vminsh	evex	128	AVX512_FP16_SCALAR	56
vminss	evex	128	AVX512F_SCALAR	48
vminss	vex	128	AVX	48
vmlaunch	legacy	0	VTX	33
vmload	legacy	0	SVM	32
vmmcall	legacy	0	SVM	32
vmovapd	evex	128	AVX512F_128	48
vmovapd	evex	256	AVX512F_256	48
vmovapd	evex	512	AVX512F_512	48
vmovapd	vex	128	AVX	48
vmovapd	vex	256	AVX	48
vmovaps	evex	128	AVX512F_128	48
vmovaps	evex	256	AVX512F_256	48
vmovaps	evex	512	AVX512F_512	48
vmovaps	vex	128	AVX	48
vmovaps	vex	256	AVX	48
vmovd	evex	128	AVX512F_128N+AVX512_MOVZXC_128	4208
vmovd	vex	128	AVX	4144
vmovddup	evex	128	AVX512F_128	48
vmovddup	evex	256	AVX512F_256	48
vmovddup	evex	512	AVX512F_512	48
vmovddup	vex	128	AVX	48
vmovddup	vex	256	AVX	48
vmovdqa	vex	128	AVX	48
vmovdqa	vex	256	AVX	48
vmovdqa32	evex	128	AVX512F_128	48
vmovdqa32	evex	256	AVX512F_256	48
vmovdqa32	evex	512	AVX512F_512	48
vmovdqa64	evex	128	AVX512F_128	48
vmovdqa64	evex	256	AVX512F_256	48
vmovdqa64	evex	512	AVX512F_512	48
vmovdqu	vex	128	AVX	48
vmovdqu	vex	256	AVX	48
vmovdqu16	evex	128	AVX512BW_128	48
vmovdqu16	evex	256	AVX512BW_256	48
vmovdqu16	evex	512	AVX512BW_512	48
vmovdqu32	evex	128	AVX512F_128	48
vmovdqu32	evex	256	AVX512F_256	48
vmovdqu32	evex	512	AVX512F_512	48
vmovdqu64	evex	128	AVX512F_128	48
vmovdqu64	evex	256	AVX512F_256	48
vmovdqu64	evex	512	AVX512F_512	48
vmovdqu8	evex	128	AVX512BW_128	48
vmovdqu8	evex	256	AVX512BW_256	48
vmovdqu8	evex	512	AVX512BW_512	48
vmovhlps	evex	128	AVX512F_128N	48
vmovhlps	vex	128	AVX	48
vmovhpd	evex	128	AVX512F_128N	48
vmovhpd	vex	128	AVX	48
vmovhps	evex	128	AVX512F_128N	48
vmovhps	vex	128	AVX	48
vmovlhps	evex	128	AVX512F_128N	48
vmovlhps	vex	128	AVX	48
vmovlpd	evex	128	AVX512F_128N	48
vmovlpd	vex	128	AVX	48
vmovlps	evex	128	AVX512F_128N	48
vmovlps	vex	128	AVX	48
vmovmskpd	vex	128	AVX	48
vmovmskpd	vex	256	AVX	48
vmovmskps	vex	128	AVX	48
vmovmskps	vex	256	AVX	48
vmovntdq	evex	128	AVX512F_128	48
vmovntdq	evex	256	AVX512F_256	48
vmovntdq	evex	512	AVX512F_512	48
vmovntdq	vex	128	AVX	48
vmovntdq	vex	256	AVX	48
vmovntdqa	evex	128	AVX512F_128	48
vmovntdqa	evex	256	AVX512F_256	48
vmovntdqa	evex	512	AVX512F_512	48
vmovntdqa	vex	128	AVX	48
vmovntdqa	vex	256	AVX2	48
vmovntpd	evex	128	AVX512F_128	48
vmovntpd	evex	256	AVX512F_256	48
vmovntpd	evex	512	AVX512F_512	48
vmovntpd	vex	128	AVX	48
vmovntpd	vex	256	AVX	48
vmovntps	evex	128	AVX512F_128	48
vmovntps	evex	256	AVX512F_256	48
vmovntps	evex	512	AVX512F_512	48
vmovntps	vex	128	AVX	48
vmovntps	vex	256	AVX	48
vmovq	evex	128	AVX512F_128N	48
vmovq	vex	128	AVX	48
vmovrsb	evex	128	AVX10_MOVRS_128	44
vmovrsb	evex	256	AVX10_MOVRS_256	44
vmovrsb	evex	512	AVX10_MOVRS_512	44
vmovrsd	evex	128	AVX10_MOVRS_128	44
vmovrsd	evex	256	AVX10_MOVRS_256	44
vmovrsd	evex	512	AVX10_MOVRS_512	44
vmovrsq	evex	128	AVX10_MOVRS_128	44
vmovrsq	evex	256	AVX10_MOVRS_256	44
vmovrsq	evex	512	AVX10_MOVRS_512	44
vmovrsw	evex	128	AVX10_MOVRS_128	44
vmovrsw	evex	256	AVX10_MOVRS_256	44
vmovrsw	evex	512	AVX10_MOVRS_512	44
vmovsd	evex	128	AVX512F_SCALAR	48
vmovsd	vex	128	AVX	48
vmovsh	evex	128	AVX512_FP16_SCALAR	56
vmovshdup	evex	128	AVX512F_128	48
vmovshdup	evex	256	AVX512F_256	48
vmovshdup	evex	512	AVX512F_512	48
vmovshdup	vex	128	AVX	48
vmovshdup	vex	256	AVX	48
vmovsldup	evex	128	AVX512F_128	48
vmovsldup	evex	256	AVX512F_256	48
vmovsldup	evex	512	AVX512F_512	48
vmovsldup	vex	128	AVX	48
vmovsldup	vex	256	AVX	48
vmovss	evex	128	AVX512F_SCALAR	48
vmovss	vex	128	AVX	48
vmovupd	evex	128	AVX512F_128	48
vmovupd	evex	256	AVX512F_256	48
vmovupd	evex	512	AVX512F_512	48
vmovupd	vex	128	AVX	48
vmovupd	vex	256	AVX	48
vmovups	evex	128	AVX512F_128	48
vmovups	evex	256	AVX512F_256	48
vmovups	evex	512	AVX512F_512	48
vmovups	vex	128	AVX	48
vmovups	vex	256	AVX	48
vmovw	evex	128	AVX512_FP16_128N+AVX512_MOVZXC_128	120
vmpsadbw	evex	128	AVX512_MEDIAX_128	32
vmpsadbw	evex	256	AVX512_MEDIAX_256	32
vmpsadbw	evex	512	AVX512_MEDIAX_512	32
vmpsadbw	vex	128	AVX	48
vmpsadbw	vex	256	AVX2	48
vmptrld	legacy	0	VTX	33
vmptrst	legacy	0	VTX	33
vmread	legacy	0	VTX	4129
vmresume	legacy	0	VTX	33
vmrun	legacy	0	SVM	32
vmsave	legacy	0	SVM	32
vmulbf16	evex	128	AVX10_2_BF16_128	40
vmulbf16	evex	256	AVX10_2_BF16_256	40
vmulbf16	evex	512	AVX10_2_BF16_512	40
vmulpd	evex	128	AVX512F_128	48
vmulpd	evex	256	AVX512F_256	48
vmulpd	evex	512	AVX512F_512	48
vmulpd	vex	128	AVX	48
vmulpd	vex	256	AVX	48
vmulph	evex	128	AVX512_FP16_128	56
vmulph	evex	256	AVX512_FP16_256	56
vmulph	evex	512	AVX512_FP16_512	56
vmulps	evex	128	AVX512F_128	48
vmulps	evex	256	AVX512F_256	48
vmulps	evex	512	AVX512F_512	48
vmulps	vex	128	AVX	48
vmulps	vex	256	AVX	48
vmulsd	evex	128	AVX512F_SCALAR	48
vmulsd	vex	128	AVX	48
vmulsh	evex	128	AVX512_FP16_SCALAR	56
vmulss	evex	128	AVX512F_SCALAR	48
vmulss	vex	128	AVX	48
vmwrite	legacy	0	VTX	4129
vmxoff	legacy	0	VTX	33
vmxon	legacy	0	VTX	33
vorpd	evex	128	AVX512DQ_128	48
vorpd	evex	256	AVX512DQ_256	48
vorpd	evex	512	AVX512DQ_512	48
vorpd	vex	128	AVX	48
vorpd	vex	256	AVX	48
vorps	evex	128	AVX512DQ_128	48
vorps	evex	256	AVX512DQ_256	48
vorps	evex	512	AVX512DQ_512	48
vorps	vex	128	AVX	48
vorps	vex	256	AVX	48
vp2intersectd	evex	128	AVX512_VP2INTERSECT_128	56
vp2intersectd	evex	256	AVX512_VP2INTERSECT_256	56
vp2intersectd	evex	512	AVX512_VP2INTERSECT_512	56
vp2intersectq	evex	128	AVX512_VP2INTERSECT_128	56
vp2intersectq	evex	256	AVX512_VP2INTERSECT_256	56
vp2intersectq	evex	512	AVX512_VP2INTERSECT_512	56
vp4dpwssd	evex	512	AVX512_4VNNIW_512	32
vp4dpwssds	evex	512	AVX512_4VNNIW_512	32
vpabsb	evex	128	AVX512BW_128	48
vpabsb	evex	256	AVX512BW_256	48
vpabsb	evex	512	AVX512BW_512	48
vpabsb	vex	128	AVX	48
vpabsb	vex	256	AVX2	48
vpabsd	evex	128	AVX512F_128	48
vpabsd	evex	256	AVX512F_256	48
vpabsd	evex	512	AVX512F_512	48
vpabsd	vex	128	AVX	48
vpabsd	vex	256	AVX2	48
vpabsq	evex	128	AVX512F_128	48
vpabsq	evex	256	AVX512F_256	48
vpabsq	evex	512	AVX512F_512	48
vpabsw	evex	128	AVX512BW_128	48
vpabsw	evex	256	AVX512BW_256	48
vpabsw	evex	512	AVX512BW_512	48
vpabsw	vex	128	AVX	48
vpabsw	vex	256	AVX2	48
vpackssdw	evex	128	AVX512BW_128	48
vpackssdw	evex	256	AVX512BW_256	48
vpackssdw	evex	512	AVX512BW_512	48
vpackssdw	vex	128	AVX	48
vpackssdw	vex	256	AVX2	48
vpacksswb	evex	128	AVX512BW_128	48
vpacksswb	evex	256	AVX512BW_256	48
vpacksswb	evex	512	AVX512BW_512	48
vpacksswb	vex	128	AVX	48
vpacksswb	vex	256	AVX2	48
vpackusdw	evex	128	AVX512BW_128	48
vpackusdw	evex	256	AVX512BW_256	48
vpackusdw	evex	512	AVX512BW_512	48
vpackusdw	vex	128	AVX	48
vpackusdw	vex	256	AVX2	48
vpackuswb	evex	128	AVX512BW_128	48
vpackuswb	evex	256	AVX512BW_256	48
vpackuswb	evex	512	AVX512BW_512	48
vpackuswb	vex	128	AVX	48
vpackuswb	vex	256	AVX2	48
vpaddb	evex	128	AVX512BW_128	48
vpaddb	evex	256	AVX512BW_256	48
vpaddb	evex	512	AVX512BW_512	48
vpaddb	vex	128	AVX	48
vpaddb	vex	256	AVX2	48
vpaddd	evex	128	AVX512F_128	48
vpaddd	evex	256	AVX512F_256	48
vpaddd	evex	512	AVX512F_512	48
vpaddd	vex	128	AVX	48
vpaddd	vex	256	AVX2	48
vpaddq	evex	128	AVX512F_128	48
vpaddq	evex	256	AVX512F_256	48
vpaddq	evex	512	AVX512F_512	48
vpaddq	vex	128	AVX	48
vpaddq	vex	256	AVX2	48
vpaddsb	evex	128	AVX512BW_128	48
vpaddsb	evex	256	AVX512BW_256	48
vpaddsb	evex	512	AVX512BW_512	48
vpaddsb	vex	128	AVX	48
vpaddsb	vex	256	AVX2	48
vpaddsw	evex	128	AVX512BW_128	48
vpaddsw	evex	256	AVX512BW_256	48
vpaddsw	evex	512	AVX512BW_512	48
vpaddsw	vex	128	AVX	48
vpaddsw	vex	256	AVX2	48
vpaddusb	evex	128	AVX512BW_128	48
vpaddusb	evex	256	AVX512BW_256	48
vpaddusb	evex	512	AVX512BW_512	48
vpaddusb	vex	128	AVX	48
vpaddusb	vex	256	AVX2	48
vpaddusw	evex	128	AVX512BW_128	48
vpaddusw	evex	256	AVX512BW_256	48
vpaddusw	evex	512	AVX512BW_512	48
vpaddusw	vex	128	AVX	48
vpaddusw	vex	256	AVX2	48
vpaddw	evex	128	AVX512BW_128	48
vpaddw	evex	256	AVX512BW_256	48
vpaddw	evex	512	AVX512BW_512	48
vpaddw	vex	128	AVX	48
vpaddw	vex	256	AVX2	48
vpalignr	evex	128	AVX512BW_128	48
vpalignr	evex	256	AVX512BW_256	48
vpalignr	evex	512	AVX512BW_512	48
vpalignr	vex	128	AVX	48
vpalignr	vex	256	AVX2	48
vpand	vex	128	AVX	48
vpand	vex	256	AVX2	48
vpandd	evex	128	AVX512F_128	48
vpandd	evex	256	AVX512F_256	48
vpandd	evex	512	AVX512F_512	48
vpandn	vex	128	AVX	48
vpandn	vex	256	AVX2	48
vpandnd	evex	128	AVX512F_128	48
vpandnd	evex	256	AVX512F_256	48
vpandnd	evex	512	AVX512F_512	48
vpandnq	evex	128	AVX512F_128	48
vpandnq	evex	256	AVX512F_256	48
vpandnq	evex	512	AVX512F_512	48
vpandq	evex	128	AVX512F_128	48
vpandq	evex	256	AVX512F_256	48
vpandq	evex	512	AVX512F_512	48
vpavgb	evex	128	AVX512BW_128	48
vpavgb	evex	256	AVX512BW_256	48
vpavgb	evex	512	AVX512BW_512	48
vpavgb	vex	128	AVX	48
vpavgb	vex	256	AVX2	48
vpavgw	evex	128	AVX512BW_128	48
vpavgw	evex	256	AVX512BW_256	48
vpavgw	evex	512	AVX512BW_512	48
vpavgw	vex	128	AVX	48
vpavgw	vex	256	AVX2	48
vpblendd	vex	128	AVX2	48
vpblendd	vex	256	AVX2	48
vpblendmb	evex	128	AVX512BW_128	48
vpblendmb	evex	256	AVX512BW_256	48
vpblendmb	evex	512	AVX512BW_512	48
vpblendmd	evex	128	AVX512F_128	48
vpblendmd	evex	256	AVX512F_256	48
vpblendmd	evex	512	AVX512F_512	48
vpblendmq	evex	128	AVX512F_128	48
vpblendmq	evex	256	AVX512F_256	48
vpblendmq	evex	512	AVX512F_512	48
vpblendmw	evex	128	AVX512BW_128	48
vpblendmw	evex	256	AVX512BW_256	48
vpblendmw	evex	512	AVX512BW_512	48
vpblendvb	vex	128	AVX	48
vpblendvb	vex	256	AVX2	48
vpblendw	vex	128	AVX	48
vpblendw	vex	256	AVX2	48
vpbroadcastb	evex	128	AVX512BW_128	48
vpbroadcastb	evex	256	AVX512BW_256	48
vpbroadcastb	evex	512	AVX512BW_512	48
vpbroadcastb	vex	128	AVX2	48
vpbroadcastb	vex	256	AVX2	48
vpbroadcastd	evex	128	AVX512F_128	4144
vpbroadcastd	evex	256	AVX512F_256	4144
vpbroadcastd	evex	512	AVX512F_512	4144
vpbroadcastd	vex	128	AVX2	48
vpbroadcastd	vex	256	AVX2	48
vpbroadcastmb2q	evex	128	AVX512CD_128	48
vpbroadcastmb2q	evex	256	AVX512CD_256	48
vpbroadcastmb2q	evex	512	AVX512CD_512	48
vpbroadcastmw2d	evex	128	AVX512CD_128	48
vpbroadcastmw2d	evex	256	AVX512CD_256	48
vpbroadcastmw2d	evex	512	AVX512CD_512	48
vpbroadcastq	evex	128	AVX512F_128	48
vpbroadcastq	evex	256	AVX512F_256	48
vpbroadcastq	evex	512	AVX512F_512	48
vpbroadcastq	vex	128	AVX2	48
vpbroadcastq	vex	256	AVX2	48
vpbroadcastw	evex	128	AVX512BW_128	48
vpbroadcastw	evex	256	AVX512BW_256	48
vpbroadcastw	evex	512	AVX512BW_512	48
vpbroadcastw	vex	128	AVX2	48
vpbroadcastw	vex	256	AVX2	48
vpclmulqdq	evex	128	AVX512_VPCLMULQDQ_128	48
vpclmulqdq	evex	256	AVX512_VPCLMULQDQ_256	48
vpclmulqdq	evex	512	AVX512_VPCLMULQDQ_512	48
vpclmulqdq	vex	128	AVX	48
vpclmulqdq	vex	256	VPCLMULQDQ	48
vpcmov	xop	128	XOP	32
vpcmov	xop	256	XOP	32
vpcmpb	evex	128	AVX512BW_128	48
vpcmpb	evex	256	AVX512BW_256	48
vpcmpb	evex	512	AVX512BW_512	48
vpcmpd	evex	128	AVX512F_128	48
vpcmpd	evex	256	AVX512F_256	48
vpcmpd	evex	512	AVX512F_512	48
vpcmpeqb	evex	128	AVX512BW_128	48
vpcmpeqb	evex	256	AVX512BW_256	48
vpcmpeqb	evex	512	AVX512BW_512	48
vpcmpeqb	vex	128	AVX	48
vpcmpeqb	vex	256	AVX2	48
vpcmpeqd	evex	128	AVX512F_128	48
vpcmpeqd	evex	256	AVX512F_256	48
vpcmpeqd	evex	512	AVX512F_512	48
vpcmpeqd	vex	128	AVX	48
vpcmpeqd	vex	256	AVX2	48
vpcmpeqq	evex	128	AVX512F_128	48
vpcmpeqq	evex	256	AVX512F_256	48
vpcmpeqq	evex	512	AVX512F_512	48
vpcmpeqq	vex	128	AVX	48
vpcmpeqq	vex	256	AVX2	48
vpcmpeqw	evex	128	AVX512BW_128	48
vpcmpeqw	evex	256	AVX512BW_256	48
vpcmpeqw	evex	512	AVX512BW_512	48
vpcmpeqw	vex	128	AVX	48
vpcmpeqw	vex	256	AVX2	48
vpcmpestri	vex	128	AVX	4144
vpcmpestrm	vex	128	AVX	4144
vpcmpgtb	evex	128	AVX512BW_128	48
vpcmpgtb	evex	256	AVX512BW_256	48
vpcmpgtb	evex	512	AVX512BW_512	48
vpcmpgtb	vex	128	AVX	48
vpcmpgtb	vex	256	AVX2	48
vpcmpgtd	evex	128	AVX512F_128	48
vpcmpgtd	evex	256	AVX512F_256	48
vpcmpgtd	evex	512	AVX512F_512	48
vpcmpgtd	vex	128	AVX	48
vpcmpgtd	vex	256	AVX2	48
vpcmpgtq	evex	128	AVX512F_128	48
vpcmpgtq	evex	256	AVX512F_256	48
vpcmpgtq	evex	512	AVX512F_512	48
vpcmpgtq	vex	128	AVX	48
vpcmpgtq	vex	256	AVX2	48
vpcmpgtw	evex	128	AVX512BW_128	48
vpcmpgtw	evex	256	AVX512BW_256	48
vpcmpgtw	evex	512	AVX512BW_512	48
vpcmpgtw	vex	128	AVX	48
vpcmpgtw	vex	256	AVX2	48
vpcmpistri	vex	128	AVX	4144
vpcmpistrm	vex	128	AVX	48
vpcmpq	evex	128	AVX512F_128	48
vpcmpq	evex	256	AVX512F_256	48
vpcmpq	evex	512	AVX512F_512	48
vpcmpub	evex	128	AVX512BW_128	48
vpcmpub	evex	256	AVX512BW_256	48
vpcmpub	evex	512	AVX512BW_512	48
vpcmpud	evex	128	AVX512F_128	48
vpcmpud	evex	256	AVX512F_256	48
vpcmpud	evex	512	AVX512F_512	48
vpcmpuq	evex	128	AVX512F_128	48
vpcmpuq	evex	256	AVX512F_256	48
vpcmpuq	evex	512	AVX512F_512	48
vpcmpuw	evex	128	AVX512BW_128	48
vpcmpuw	evex	256	AVX512BW_256	48
vpcmpuw	evex	512	AVX512BW_512	48
vpcmpw	evex	128	AVX512BW_128	48
vpcmpw	evex	256	AVX512BW_256	48
vpcmpw	evex	512	AVX512BW_512	48
vpcomb	xop	128	XOP	32
vpcomd	xop	128	XOP	32
vpcomeqb	xop	128	XOP	1056
vpcomeqd	xop	128	XOP	1056
vpcomeqq	xop	128	XOP	1056
vpcomequb	xop	128	XOP	1056
vpcomequd	xop	128	XOP	1056
vpcomequq	xop	128	XOP	1056
vpcomequw	xop	128	XOP	1056
vpcomeqw	xop	128	XOP	1056
vpcomfalseb	xop	128	XOP	1056
vpcomfalsed	xop	128	XOP	1056
vpcomfalseq	xop	128	XOP	1056
vpcomfalseub	xop	128	XOP	1056
vpcomfalseud	xop	128	XOP	1056
vpcomfalseuq	xop	128	XOP	1056
vpcomfalseuw	xop	128	XOP	1056
vpcomfalsew	xop	128	XOP	1056
vpcomgeb	xop	128	XOP	1056
vpcomged	xop	128	XOP	1056
vpcomgeq	xop	128	XOP	1056
vpcomgeub	xop	128	XOP	1056
vpcomgeud	xop	128	XOP	1056
vpcomgeuq	xop	128	XOP	1056
vpcomgeuw	xop	128	XOP	1056
vpcomgew	xop	128	XOP	1056
vpcomgtb	xop	128	XOP	1056
vpcomgtd	xop	128	XOP	1056
vpcomgtq	xop	128	XOP	1056
vpcomgtub	xop	128	XOP	1056
vpcomgtud	xop	128	XOP	1056
vpcomgtuq	xop	128	XOP	1056
vpcomgtuw	xop	128	XOP	1056
vpcomgtw	xop	128	XOP	1056
vpcomleb	xop	128	XOP	1056
vpcomled	xop	128	XOP	1056
vpcomleq	xop	128	XOP	1056
vpcomleub	xop	128	XOP	1056
vpcomleud	xop	128	XOP	1056
vpcomleuq	xop	128	XOP	1056
vpcomleuw	xop	128	XOP	1056
vpcomlew	xop	128	XOP	1056
vpcomltb	xop	128	XOP	1056
vpcomltd	xop	128	XOP	1056
vpcomltq	xop	128	XOP	1056
vpcomltub	xop	128	XOP	1056
vpcomltud	xop	128	XOP	1056
vpcomltuq	xop	128	XOP	1056
vpcomltuw	xop	128	XOP	1056
vpcomltw	xop	128	XOP	1056
vpcomneqb	xop	128	XOP	1056
vpcomneqd	xop	128	XOP	1056
vpcomneqq	xop	128	XOP	1056
vpcomnequb	xop	128	XOP	1056
vpcomnequd	xop	128	XOP	1056
vpcomnequq	xop	128	XOP	1056
vpcomnequw	xop	128	XOP	1056
vpcomneqw	xop	128	XOP	1056
vpcompressb	evex	128	AVX512_VBMI2_128	48
vpcompressb	evex	256	AVX512_VBMI2_256	48
vpcompressb	evex	512	AVX512_VBMI2_512	48
vpcompressd	evex	128	AVX512F_128	48
vpcompressd	evex	256	AVX512F_256	48
vpcompressd	evex	512	AVX512F_512	48
vpcompressq	evex	128	AVX512F_128	48
vpcompressq	evex	256	AVX512F_256	48
vpcompressq	evex	512	AVX512F_512	48
vpcompressw	evex	128	AVX512_VBMI2_128	48
vpcompressw	evex	256	AVX512_VBMI2_256	48
vpcompressw	evex	512	AVX512_VBMI2_512	48
vpcomq	xop	128	XOP	32
vpcomtrueb	xop	128	XOP	1056
vpcomtrued	xop	128	XOP	1056
vpcomtrueq	xop	128	XOP	1056
vpcomtrueub	xop	128	XOP	1056
vpcomtrueud	xop	128	XOP	1056
vpcomtrueuq	xop	128	XOP	1056
vpcomtrueuw	xop	128	XOP	1056
vpcomtruew	xop	128	XOP	1056
vpcomub	xop	128	XOP	32
vpcomud	xop	128	XOP	32
vpcomuq	xop	128	XOP	32
vpcomuw	xop	128	XOP	32
vpcomw	xop	128	XOP	32
vpconflictd	evex	128	AVX512CD_128	48
vpconflictd	evex	256	AVX512CD_256	48
vpconflictd	evex	512	AVX512CD_512	48
vpconflictq	evex	128	AVX512CD_128	48
vpconflictq	evex	256	AVX512CD_256	48
vpconflictq	evex	512	AVX512CD_512	48
vpdpbssd	evex	128	AVX512_VNNI_INT8_128	40
vpdpbssd	evex	256	AVX512_VNNI_INT8_256	40
vpdpbssd	evex	512	AVX512_VNNI_INT8_512	40
vpdpbssd	vex	128	AVX_VNNI_INT8	56
vpdpbssd	vex	256	AVX_VNNI_INT8	56
vpdpbssds	evex	128	AVX512_VNNI_INT8_128	40
vpdpbssds	evex	256	AVX512_VNNI_INT8_256	40
vpdpbssds	evex	512	AVX512_VNNI_INT8_512	40
vpdpbssds	vex	128	AVX_VNNI_INT8	56
vpdpbssds	vex	256	AVX_VNNI_INT8	56
vpdpbsud	evex	128	AVX512_VNNI_INT8_128	40
vpdpbsud	evex	256	AVX512_VNNI_INT8_256	40
vpdpbsud	evex	512	AVX512_VNNI_INT8_512	40
vpdpbsud	vex	128	AVX_VNNI_INT8	56
vpdpbsud	vex	256	AVX_VNNI_INT8	56
vpdpbsuds	evex	128	AVX512_VNNI_INT8_128	40
vpdpbsuds	evex	256	AVX512_VNNI_INT8_256	40
vpdpbsuds	evex	512	AVX512_VNNI_INT8_512	40
vpdpbsuds	vex	128	AVX_VNNI_INT8	56
vpdpbsuds	vex	256	AVX_VNNI_INT8	56
vpdpbusd	evex	128	AVX512_VNNI_128	48
vpdpbusd	evex	256	AVX512_VNNI_256	48
vpdpbusd	evex	512	AVX512_VNNI_512	48
vpdpbusd	vex	128	AVX_VNNI	48
vpdpbusd	vex	256	AVX_VNNI	48
vpdpbusds	evex	128	AVX512_VNNI_128	48
vpdpbusds	evex	256	AVX512_VNNI_256	48
vpdpbusds	evex	512	AVX512_VNNI_512	48
vpdpbusds	vex	128	AVX_VNNI	48
vpdpbusds	vex	256	AVX_VNNI	48
vpdpbuud	evex	128	AVX512_VNNI_INT8_128	40
vpdpbuud	evex	256	AVX512_VNNI_INT8_256	40
vpdpbuud	evex	512	AVX512_VNNI_INT8_512	40
vpdpbuud	vex	128	AVX_VNNI_INT8	56
vpdpbuud	vex	256	AVX_VNNI_INT8	56
vpdpbuuds	evex	128	AVX512_VNNI_INT8_128	40
vpdpbuuds	evex	256	AVX512_VNNI_INT8_256	40
vpdpbuuds	evex	512	AVX512_VNNI_INT8_512	40
vpdpbuuds	vex	128	AVX_VNNI_INT8	56
vpdpbuuds	vex	256	AVX_VNNI_INT8	56
vpdpwssd	evex	128	AVX512_VNNI_128	48
vpdpwssd	evex	256	AVX512_VNNI_256	48
vpdpwssd	evex	512	AVX512_VNNI_512	48
vpdpwssd	vex	128	AVX_VNNI	48
vpdpwssd	vex	256	AVX_VNNI	48
vpdpwssds	evex	128	AVX512_VNNI_128	48
vpdpwssds	evex	256	AVX512_VNNI_256	48
vpdpwssds	evex	512	AVX512_VNNI_512	48
vpdpwssds	vex	128	AVX_VNNI	48
vpdpwssds	vex	256	AVX_VNNI	48
vpdpwsud	evex	128	AVX512_VNNI_INT16_128	40
vpdpwsud	evex	256	AVX512_VNNI_INT16_256	40
vpdpwsud	evex	512	AVX512_VNNI_INT16_512	40
vpdpwsud	vex	128	AVX_VNNI_INT16	56
vpdpwsud	vex	256	AVX_VNNI_INT16	56
vpdpwsuds	evex	128	AVX512_VNNI_INT16_128	40
vpdpwsuds	evex	256	AVX512_VNNI_INT16_256	40
vpdpwsuds	evex	512	AVX512_VNNI_INT16_512	40
vpdpwsuds	vex	128	AVX_VNNI_INT16	56
vpdpwsuds	vex	256	AVX_VNNI_INT16	56
vpdpwusd	evex	128	AVX512_VNNI_INT16_128	40
vpdpwusd	evex	256	AVX512_VNNI_INT16_256	40
vpdpwusd	evex	512	AVX512_VNNI_INT16_512	40
vpdpwusd	vex	128	AVX_VNNI_INT16	56
vpdpwusd	vex	256	AVX_VNNI_INT16	56
vpdpwusds	evex	128	AVX512_VNNI_INT16_128	40
vpdpwusds	evex	256	AVX512_VNNI_INT16_256	40
vpdpwusds	evex	512	AVX512_VNNI_INT16_512	40
vpdpwusds	vex	128	AVX_VNNI_INT16	56
vpdpwusds	vex	256	AVX_VNNI_INT16	56
vpdpwuud	evex	128	AVX512_VNNI_INT16_128	40
vpdpwuud	evex	256	AVX512_VNNI_INT16_256	40
vpdpwuud	evex	512	AVX512_VNNI_INT16_512	40
vpdpwuud	vex	128	AVX_VNNI_INT16	56
vpdpwuud	vex	256	AVX_VNNI_INT16	56
vpdpwuuds	evex	128	AVX512_VNNI_INT16_128	40
vpdpwuuds	evex	256	AVX512_VNNI_INT16_256	40
vpdpwuuds	evex	512	AVX512_VNNI_INT16_512	40
vpdpwuuds	vex	128	AVX_VNNI_INT16	56
vpdpwuuds	vex	256	AVX_VNNI_INT16	56
vperm2f128	vex	256	AVX	48
vperm2i128	vex	256	AVX2	48
vpermb	evex	128	AVX512_VBMI_128	48
vpermb	evex	256	AVX512_VBMI_256	48
vpermb	evex	512	AVX512_VBMI_512	48
vpermd	evex	256	AVX512F_256	48
vpermd	evex	512	AVX512F_512	48
vpermd	vex	256	AVX2	48
vpermi2b	evex	128	AVX512_VBMI_128	48
vpermi2b	evex	256	AVX512_VBMI_256	48
vpermi2b	evex	512	AVX512_VBMI_512	48
vpermi2d	evex	128	AVX512F_128	48
vpermi2d	evex	256	AVX512F_256	48
vpermi2d	evex	512	AVX512F_512	48
vpermi2pd	evex	128	AVX512F_128	48
vpermi2pd	evex	256	AVX512F_256	48
vpermi2pd	evex	512	AVX512F_512	48
vpermi2ps	evex	128	AVX512F_128	48
vpermi2ps	evex	256	AVX512F_256	48
vpermi2ps	evex	512	AVX512F_512	48
vpermi2q	evex	128	AVX512F_128	48
vpermi2q	evex	256	AVX512F_256	48
vpermi2q	evex	512	AVX512F_512	48
vpermi2w	evex	128	AVX512BW_128	48
vpermi2w	evex	256	AVX512BW_256	48
vpermi2w	evex	512	AVX512BW_512	48
vpermil2pd	vex	128	XOP	32
vpermil2pd	vex	256	XOP	32
vpermil2ps	vex	128	XOP	32
vpermil2ps	vex	256	XOP	32
vpermilpd	evex	128	AVX512F_128	48
vpermilpd	evex	256	AVX512F_256	48
vpermilpd	evex	512	AVX512F_512	48
vpermilpd	vex	128	AVX	48
vpermilpd	vex	256	AVX	48
vpermilps	evex	128	AVX512F_128	48
vpermilps	evex	256	AVX512F_256	48
vpermilps	evex	512	AVX512F_512	48
vpermilps	vex	128	AVX	48
vpermilps	vex	256	AVX	48
vpermpd	evex	256	AVX512F_256	48
vpermpd	evex	512	AVX512F_512	48
vpermpd	vex	256	AVX2	48
vpermps	evex	256	AVX512F_256	48
vpermps	evex	512	AVX512F_512	48
vpermps	vex	256	AVX2	48
vpermq	evex	256	AVX512F_256	48
vpermq	evex	512	AVX512F_512	48
vpermq	vex	256	AVX2	48
vpermt2b	evex	128	AVX512_VBMI_128	48
vpermt2b	evex	256	AVX512_VBMI_256	48
vpermt2b	evex	512	AVX512_VBMI_512	48
vpermt2d	evex	128	AVX512F_128	48
vpermt2d	evex	256	AVX512F_256	48
vpermt2d	evex	512	AVX512F_512	48
vpermt2pd	evex	128	AVX512F_128	48
vpermt2pd	evex	256	AVX512F_256	48
vpermt2pd	evex	512	AVX512F_512	48
vpermt2ps	evex	128	AVX512F_128	48
vpermt2ps	evex	256	AVX512F_256	48
vpermt2ps	evex	512	AVX512F_512	48
vpermt2q	evex	128	AVX512F_128	48
vpermt2q	evex	256	AVX512F_256	48
vpermt2q	evex	512	AVX512F_512	48
vpermt2w	evex	128	AVX512BW_128	48
vpermt2w	evex	256	AVX512BW_256	48
vpermt2w	evex	512	AVX512BW_512	48
vpermw	evex	128	AVX512BW_128	48
vpermw	evex	256	AVX512BW_256	48
vpermw	evex	512	AVX512BW_512	48
vpexpandb	evex	128	AVX512_VBMI2_128	48
vpexpandb	evex	256	AVX512_VBMI2_256	48
vpexpandb	evex	512	AVX512_VBMI2_512	48
vpexpandd	evex	128	AVX512F_128	48
vpexpandd	evex	256	AVX512F_256	48
vpexpandd	evex	512	AVX512F_512	48
vpexpandq	evex	128	AVX512F_128	48
vpexpandq	evex	256	AVX512F_256	48
vpexpandq	evex	512	AVX512F_512	48
vpexpandw	evex	128	AVX512_VBMI2_128	48
vpexpandw	evex	256	AVX512_VBMI2_256	48
vpexpandw	evex	512	AVX512_VBMI2_512	48
vpextrb	evex	128	AVX512BW_128N	48
vpextrb	vex	128	AVX	48
vpextrd	evex	128	AVX512DQ_128N	4144
vpextrd	vex	128	AVX	4144
vpextrq	evex	128	AVX512DQ_128N	52
vpextrq	vex	128	AVX	52
vpextrw	evex	128	AVX512BW_128N	4144
vpextrw	vex	128	AVX	48
vpgatherdd	evex	128	AVX512F_128	48
vpgatherdd	evex	256	AVX512F_256	48
vpgatherdd	evex	512	AVX512F_512	48
vpgatherdd	vex	128	AVX2GATHER	48
vpgatherdd	vex	256	AVX2GATHER	48
vpgatherdq	evex	128	AVX512F_128	48
vpgatherdq	evex	256	AVX512F_256	48
vpgatherdq	evex	512	AVX512F_512	48
vpgatherdq	vex	128	AVX2GATHER	48
vpgatherdq	vex	256	AVX2GATHER	48
vpgatherqd	evex	128	AVX512F_128	48
vpgatherqd	evex	256	AVX512F_256	48
vpgatherqd	evex	512	AVX512F_512	48
vpgatherqd	vex	128	AVX2GATHER	48
vpgatherqd	vex	256	AVX2GATHER	48
vpgatherqq	evex	128	AVX512F_128	48
vpgatherqq	evex	256	AVX512F_256	48
vpgatherqq	evex	512	AVX512F_512	48
vpgatherqq	vex	128	AVX2GATHER	48
vpgatherqq	vex	256	AVX2GATHER	48
vphaddbd	xop	128	XOP	32
vphaddbq	xop	128	XOP	32
vphaddbw	xop	128	XOP	32
vphaddd	vex	128	AVX	48
vphaddd	vex	256	AVX2	48
vphadddq	xop	128	XOP	32
vphaddsw	vex	128	AVX	48
vphaddsw	vex	256	AVX2	48
vphaddubd	xop	128	XOP	32
vphaddubq	xop	128	XOP	32
vphaddubw	xop	128	XOP	32
vphaddudq	xop	128	XOP	32
vphadduwd	xop	128	XOP	32
vphadduwq	xop	128	XOP	32
vphaddw	vex	128	AVX	48
vphaddw	vex	256	AVX2	48
vphaddwd	xop	128	XOP	32
vphaddwq	xop	128	XOP	32
vphminposuw	vex	128	AVX	48
vphsubbw	xop	128	XOP	32
vphsubd	vex	128	AVX	48
vphsubd	vex	256	AVX2	48
vphsubdq	xop	128	XOP	32
vphsubsw	vex	128	AVX	48
vphsubsw	vex	256	AVX2	48
vphsubw	vex	128	AVX	48
vphsubw	vex	256	AVX2	48
vphsubwd	xop	128	XOP	32
vpinsrb	evex	128	AVX512BW_128N	48
vpinsrb	vex	128	AVX	48
vpinsrd	evex	128	AVX512DQ_128N	4144
vpinsrd	vex	128	AVX	4144
vpinsrq	evex	128	AVX512DQ_128N	52
vpinsrq	vex	128	AVX	52
vpinsrw	evex	128	AVX512BW_128N	48
vpinsrw	vex	128	AVX	48
vplzcntd	evex	128	AVX512CD_128	48
vplzcntd	evex	256	AVX512CD_256	48
vplzcntd	evex	512	AVX512CD_512	48
vplzcntq	evex	128	AVX512CD_128	48
vplzcntq	evex	256	AVX512CD_256	48
vplzcntq	evex	512	AVX512CD_512	48
vpmacsdd	xop	128	XOP	32
vpmacsdqh	xop	128	XOP	32
vpmacsdql	xop	128	XOP	32
vpmacssdd	xop	128	XOP	32
vpmacssdqh	xop	128	XOP	32
vpmacssdql	xop	128	XOP	32
vpmacsswd	xop	128	XOP	32
vpmacssww	xop	128	XOP	32
vpmacswd	xop	128	XOP	32
vpmacsww	xop	128	XOP	32
vpmadcsswd	xop	128	XOP	32
vpmadcswd	xop	128	XOP	32
vpmadd52huq	evex	128	AVX512_IFMA_128	48
vpmadd52huq	evex	256	AVX512_IFMA_256	48
vpmadd52huq	evex	512	AVX512_IFMA_512	48
vpmadd52huq	vex	128	AVX_IFMA	48
vpmadd52huq	vex	256	AVX_IFMA	48
vpmadd52luq	evex	128	AVX512_IFMA_128	48
vpmadd52luq	evex	256	AVX512_IFMA_256	48
vpmadd52luq	evex	512	AVX512_IFMA_512	48
vpmadd52luq	vex	128	AVX_IFMA	48
vpmadd52luq	vex	256	AVX_IFMA	48
vpmaddubsw	evex	128	AVX512BW_128	48
vpmaddubsw	evex	256	AVX512BW_256	48
vpmaddubsw	evex	512	AVX512BW_512	48
vpmaddubsw	vex	128	AVX	48
vpmaddubsw	vex	256	AVX2	48
vpmaddwd	evex	128	AVX512BW_128	48
vpmaddwd	evex	256	AVX512BW_256	48
vpmaddwd	evex	512	AVX512BW_512	48
vpmaddwd	vex	128	AVX	48
vpmaddwd	vex	256	AVX2	48
vpmaskmovd	vex	128	AVX2	48
vpmaskmovd	vex	256	AVX2	48
vpmaskmovq	vex	128	AVX2	48
vpmaskmovq	vex	256	AVX2	48
vpmaxsb	evex	128	AVX512BW_128	48
vpmaxsb	evex	256	AVX512BW_256	48
vpmaxsb	evex	512	AVX512BW_512	48
vpmaxsb	vex	128	AVX	48
vpmaxsb	vex	256	AVX2	48
vpmaxsd	evex	128	AVX512F_128	48
vpmaxsd	evex	256	AVX512F_256	48
vpmaxsd	evex	512	AVX512F_512	48
vpmaxsd	vex	128	AVX	48
vpmaxsd	vex	256	AVX2	48
vpmaxsq	evex	128	AVX512F_128	48
vpmaxsq	evex	256	AVX512F_256	48
vpmaxsq	evex	512	AVX512F_512	48
vpmaxsw	evex	128	AVX512BW_128	48
vpmaxsw	evex	256	AVX512BW_256	48
vpmaxsw	evex	512	AVX512BW_512	48
vpmaxsw	vex	128	AVX	48
vpmaxsw	vex	256	AVX2	48
vpmaxub	evex	128	AVX512BW_128	48
vpmaxub	evex	256	AVX512BW_256	48
vpmaxub	evex	512	AVX512BW_512	48
vpmaxub	vex	128	AVX	48
vpmaxub	vex	256	AVX2	48
vpmaxud	evex	128	AVX512F_128	48
vpmaxud	evex	256	AVX512F_256	48
vpmaxud	evex	512	AVX512F_512	48
vpmaxud	vex	128	AVX	48
vpmaxud	vex	256	AVX2	48
vpmaxuq	evex	128	AVX512F_128	48
vpmaxuq	evex	256	AVX512F_256	48
vpmaxuq	evex	512	AVX512F_512	48
vpmaxuw	evex	128	AVX512BW_128	48
vpmaxuw	evex	256	AVX512BW_256	48
vpmaxuw	evex	512	AVX512BW_512	48
vpmaxuw	vex	128	AVX	48
vpmaxuw	vex	256	AVX2	48
vpminsb	evex	128	AVX512BW_128	48
vpminsb	evex	256	AVX512BW_256	48
vpminsb	evex	512	AVX512BW_512	48
vpminsb	vex	128	AVX	48
vpminsb	vex	256	AVX2	48
vpminsd	evex	128	AVX512F_128	48
vpminsd	evex	256	AVX512F_256	48
vpminsd	evex	512	AVX512F_512	48
vpminsd	vex	128	AVX	48
vpminsd	vex	256	AVX2	48
vpminsq	evex	128	AVX512F_128	48
vpminsq	evex	256	AVX512F_256	48
vpminsq	evex	512	AVX512F_512	48
vpminsw	evex	128	AVX512BW_128	48
vpminsw	evex	256	AVX512BW_256	48
vpminsw	evex	512	AVX512BW_512	48
vpminsw	vex	128	AVX	48
vpminsw	vex	256	AVX2	48
vpminub	evex	128	AVX512BW_128	48
vpminub	evex	256	AVX512BW_256	48
vpminub	evex	512	AVX512BW_512	48
vpminub	vex	128	AVX	48
vpminub	vex	256	AVX2	48
vpminud	evex	128	AVX512F_128	48
vpminud	evex	256	AVX512F_256	48
vpminud	evex	512	AVX512F_512	48
vpminud	vex	128	AVX	48
vpminud	vex	256	AVX2	48
vpminuq	evex	128	AVX512F_128	48
vpminuq	evex	256	AVX512F_256	48
vpminuq	evex	512	AVX512F_512	48
vpminuw	evex	128	AVX512BW_128	48
vpminuw	evex	256	AVX512BW_256	48
vpminuw	evex	512	AVX512BW_512	48
vpminuw	vex	128	AVX	48
vpminuw	vex	256	AVX2	48
vpmovb2m	evex	128	AVX512BW_128	48
vpmovb2m	evex	256	AVX512BW_256	48
vpmovb2m	evex	512	AVX512BW_512	48
vpmovd2m	evex	128	AVX512DQ_128	48
vpmovd2m	evex	256	AVX512DQ_256	48
vpmovd2m	evex	512	AVX512DQ_512	48
vpmovdb	evex	128	AVX512F_128	48
vpmovdb	evex	256	AVX512F_256	48
vpmovdb	evex	512	AVX512F_512	48
vpmovdw	evex	128	AVX512F_128	48
vpmovdw	evex	256	AVX512F_256	48
vpmovdw	evex	512	AVX512F_512	48
vpmovm2b	evex	128	AVX512BW_128	48
vpmovm2b	evex	256	AVX512BW_256	48
vpmovm2b	evex	512	AVX512BW_512	48
vpmovm2d	evex	128	AVX512DQ_128	48
vpmovm2d	evex	256	AVX512DQ_256	48
vpmovm2d	evex	512	AVX512DQ_512	48
vpmovm2q	evex	128	AVX512DQ_128	48
vpmovm2q	evex	256	AVX512DQ_256	48
vpmovm2q	evex	512	AVX512DQ_512	48
vpmovm2w	evex	128	AVX512BW_128	48
vpmovm2w	evex	256	AVX512BW_256	48
vpmovm2w	evex	512	AVX512BW_512	48
vpmovmskb	vex	128	AVX	48
vpmovmskb	vex	256	AVX2	48
vpmovq2m	evex	128	AVX512DQ_128	48
vpmovq2m	evex	256	AVX512DQ_256	48
vpmovq2m	evex	512	AVX512DQ_512	48
vpmovqb	evex	128	AVX512F_128	48
vpmovqb	evex	256	AVX512F_256	48
vpmovqb	evex	512	AVX512F_512	48
vpmovqd	evex	128	AVX512F_128	48
vpmovqd	evex	256	AVX512F_256	48
vpmovqd	evex	512	AVX512F_512	48
vpmovqw	evex	128	AVX512F_128	48
vpmovqw	evex	256	AVX512F_256	48
vpmovqw	evex	512	AVX512F_512	48
vpmovsdb	evex	128	AVX512F_128	48
vpmovsdb	evex	256	AVX512F_256	48
vpmovsdb	evex	512	AVX512F_512	48
vpmovsdw	evex	128	AVX512F_128	48
vpmovsdw	evex	256	AVX512F_256	48
vpmovsdw	evex	512	AVX512F_512	48
vpmovsqb	evex	128	AVX512F_128	48
vpmovsqb	evex	256	AVX512F_256	48
vpmovsqb	evex	512	AVX512F_512	48
vpmovsqd	evex	128	AVX512F_128	48
vpmovsqd	evex	256	AVX512F_256	48
vpmovsqd	evex	512	AVX512F_512	48
vpmovsqw	evex	128	AVX512F_128	48
vpmovsqw	evex	256	AVX512F_256	48
vpmovsqw	evex	512	AVX512F_512	48
vpmovssdb	evex	128	AVX10_V2_AUX_128	40
vpmovssdb	evex	256	AVX10_V2_AUX_256	40
vpmovssdb	evex	512	AVX10_V2_AUX_512	40
vpmovswb	evex	128	AVX512BW_128	48
vpmovswb	evex	256	AVX512BW_256	48
vpmovswb	evex	512	AVX512BW_512	48
vpmovsxbd	evex	128	AVX512F_128	48
vpmovsxbd	evex	256	AVX512F_256	48
vpmovsxbd	evex	512	AVX512F_512	48
vpmovsxbd	vex	128	AVX	48
vpmovsxbd	vex	256	AVX2	48
vpmovsxbq	evex	128	AVX512F_128	48
vpmovsxbq	evex	256	AVX512F_256	48
vpmovsxbq	evex	512	AVX512F_512	48
vpmovsxbq	vex	128	AVX	48
vpmovsxbq	vex	256	AVX2	48
vpmovsxbw	evex	128	AVX512BW_128	48
vpmovsxbw	evex	256	AVX512BW_256	48
vpmovsxbw	evex	512	AVX512BW_512	48
vpmovsxbw	vex	128	AVX	48
vpmovsxbw	vex	256	AVX2	48
vpmovsxdq	evex	128	AVX512F_128	48
vpmovsxdq	evex	256	AVX512F_256	48
vpmovsxdq	evex	512	AVX512F_512	48
vpmovsxdq	vex	128	AVX	48
vpmovsxdq	vex	256	AVX2	48
vpmovsxwd	evex	128	AVX512F_128	48
vpmovsxwd	evex	256	AVX512F_256	48
vpmovsxwd	evex	512	AVX512F_512	48
vpmovsxwd	vex	128	AVX	48
vpmovsxwd	vex	256	AVX2	48
vpmovsxwq	evex	128	AVX512F_128	48
vpmovsxwq	evex	256	AVX512F_256	48
vpmovsxwq	evex	512	AVX512F_512	48
vpmovsxwq	vex	128	AVX	48
vpmovsxwq	vex	256	AVX2	48
vpmovusdb	evex	128	AVX512F_128	48
vpmovusdb	evex	256	AVX512F_256	48
vpmovusdb	evex	512	AVX512F_512	48
vpmovusdw	evex	128	AVX512F_128	48
vpmovusdw	evex	256	AVX512F_256	48
vpmovusdw	evex	512	AVX512F_512	48
vpmovusqb	evex	128	AVX512F_128	48
vpmovusqb	evex	256	AVX512F_256	48
vpmovusqb	evex	512	AVX512F_512	48
vpmovusqd	evex	128	AVX512F_128	48
vpmovusqd	evex	256	AVX512F_256	48
vpmovusqd	evex	512	AVX512F_512	48
vpmovusqw	evex	128	AVX512F_128	48
vpmovusqw	evex	256	AVX512F_256	48
vpmovusqw	evex	512	AVX512F_512	48
vpmovuswb	evex	128	AVX512BW_128	48
vpmovuswb	evex	256	AVX512BW_256	48
vpmovuswb	evex	512	AVX512BW_512	48
vpmovw2m	evex	128	AVX512BW_128	48
vpmovw2m	evex	256	AVX512BW_256	48
vpmovw2m	evex	512	AVX512BW_512	48
vpmovwb	evex	128	AVX512BW_128	48
vpmovwb	evex	256	AVX512BW_256	48
vpmovwb	evex	512	AVX512BW_512	48
vpmovzxbd	evex	128	AVX512F_128	48
vpmovzxbd	evex	256	AVX512F_256	48
vpmovzxbd	evex	512	AVX512F_512	48
vpmovzxbd	vex	128	AVX	48
vpmovzxbd	vex	256	AVX2	48
vpmovzxbq	evex	128	AVX512F_128	48
vpmovzxbq	evex	256	AVX512F_256	48
vpmovzxbq	evex	512	AVX512F_512	48
vpmovzxbq	vex	128	AVX	48
vpmovzxbq	vex	256	AVX2	48
vpmovzxbw	evex	128	AVX512BW_128	32
vpmovzxbw	evex	256	AVX512BW_256	48
vpmovzxbw	evex	512	AVX512BW_512	48
vpmovzxbw	vex	128	AVX	48
vpmovzxbw	vex	256	AVX2	48
vpmovzxdq	evex	128	AVX512F_128	48
vpmovzxdq	evex	256	AVX512F_256	48
vpmovzxdq	evex	512	AVX512F_512	48
vpmovzxdq	vex	128	AVX	32
vpmovzxdq	vex	256	AVX2	48
vpmovzxwd	evex	128	AVX512F_128	48
vpmovzxwd	evex	256	AVX512F_256	48
vpmovzxwd	evex	512	AVX512F_512	48
vpmovzxwd	vex	128	AVX	48
vpmovzxwd	vex	256	AVX2	48
vpmovzxwq	evex	128	AVX512F_128	48
vpmovzxwq	evex	256	AVX512F_256	48
vpmovzxwq	evex	512	AVX512F_512	48
vpmovzxwq	vex	128	AVX	48
vpmovzxwq	vex	256	AVX2	48
vpmuldq	evex	128	AVX512F_128	48
vpmuldq	evex	256	AVX512F_256	48
vpmuldq	evex	512	AVX512F_512	48
vpmuldq	vex	128	AVX	48
vpmuldq	vex	256	AVX2	48
vpmulhrsw	evex	128	AVX512BW_128	48
vpmulhrsw	evex	256	AVX512BW_256	48
vpmulhrsw	evex	512	AVX512BW_512	48
vpmulhrsw	vex	128	AVX	48
vpmulhrsw	vex	256	AVX2	48
vpmulhuw	evex	128	AVX512BW_128	48
vpmulhuw	evex	256	AVX512BW_256	48
vpmulhuw	evex	512	AVX512BW_512	48
vpmulhuw	vex	128	AVX	48
vpmulhuw	vex	256	AVX2	48
vpmulhw	evex	128	AVX512BW_128	48
vpmulhw	evex	256	AVX512BW_256	48
vpmulhw	evex	512	AVX512BW_512	48
vpmulhw	vex	128	AVX	48
vpmulhw	vex	256	AVX2	48
vpmulld	evex	128	AVX512F_128	48
vpmulld	evex	256	AVX512F_256	48
vpmulld	evex	512	AVX512F_512	48
vpmulld	vex	128	AVX	48
vpmulld	vex	256	AVX2	48
vpmullq	evex	128	AVX512DQ_128	48
vpmullq	evex	256	AVX512DQ_256	48
vpmullq	evex	512	AVX512DQ_512	48
vpmullw	evex	128	AVX512BW_128	48
vpmullw	evex	256	AVX512BW_256	48
vpmullw	evex	512	AVX512BW_512	48
vpmullw	vex	128	AVX	48
vpmullw	vex	256	AVX2	48
vpmultishiftqb	evex	128	AVX512_VBMI_128	48
vpmultishiftqb	evex	256	AVX512_VBMI_256	48
vpmultishiftqb	evex	512	AVX512_VBMI_512	48
vpmuludq	evex	128	AVX512F_128	48
vpmuludq	evex	256	AVX512F_256	48
vpmuludq	evex	512	AVX512F_512	48
vpmuludq	vex	128	AVX	48
vpmuludq	vex	256	AVX2	48
vpopcntb	evex	128	AVX512_BITALG_128	48
vpopcntb	evex	256	AVX512_BITALG_256	48
vpopcntb	evex	512	AVX512_BITALG_512	48
vpopcntd	evex	128	AVX512_VPOPCNTDQ_128	48
vpopcntd	evex	256	AVX512_VPOPCNTDQ_256	48
vpopcntd	evex	512	AVX512_VPOPCNTDQ_512	48
vpopcntq	evex	128	AVX512_VPOPCNTDQ_128	48
vpopcntq	evex	256	AVX512_VPOPCNTDQ_256	48
vpopcntq	evex	512	AVX512_VPOPCNTDQ_512	48
vpopcntw	evex	128	AVX512_BITALG_128	48
vpopcntw	evex	256	AVX512_BITALG_256	48
vpopcntw	evex	512	AVX512_BITALG_512	48
vpor	vex	128	AVX	48
vpor	vex	256	AVX2	48
vpord	evex	128	AVX512F_128	48
vpord	evex	256	AVX512F_256	48
vpord	evex	512	AVX512F_512	48
vporq	evex	128	AVX512F_128	48
vporq	evex	256	AVX512F_256	48
vporq	evex	512	AVX512F_512	48
vpperm	xop	128	XOP	32
vprold	evex	128	AVX512F_128	48
vprold	evex	256	AVX512F_256	48
vprold	evex	512	AVX512F_512	48
vprolq	evex	128	AVX512F_128	48
vprolq	evex	256	AVX512F_256	48
vprolq	evex	512	AVX512F_512	48
vprolvd	evex	128	AVX512F_128	48
vprolvd	evex	256	AVX512F_256	48
vprolvd	evex	512	AVX512F_512	48
vprolvq	evex	128	AVX512F_128	48
vprolvq	evex	256	AVX512F_256	48
vprolvq	evex	512	AVX512F_512	48
vprord	evex	128	AVX512F_128	48
vprord	evex	256	AVX512F_256	48
vprord	evex	512	AVX512F_512	48
vprorq	evex	128	AVX512F_128	48
vprorq	evex	256	AVX512F_256	48
vprorq	evex	512	AVX512F_512	48
vprorvd	evex	128	AVX512F_128	48
vprorvd	evex	256	AVX512F_256	48
vprorvd	evex	512	AVX512F_512	48
vprorvq	evex	128	AVX512F_128	48
vprorvq	evex	256	AVX512F_256	48
vprorvq	evex	512	AVX512F_512	48
vprotb	xop	128	XOP	32
vprotd	xop	128	XOP	32
vprotq	xop	128	XOP	32
vprotw	xop	128	XOP	32
vpsadbw	evex	128	AVX512BW_128	48
vpsadbw	evex	256	AVX512BW_256	48
vpsadbw	evex	512	AVX512BW_512	48
vpsadbw	vex	128	AVX	48
vpsadbw	vex	256	AVX2	48
vpscatterdd	evex	128	AVX512F_128	48
vpscatterdd	evex	256	AVX512F_256	48
vpscatterdd	evex	512	AVX512F_512	48
vpscatterdq	evex	128	AVX512F_128	48
vpscatterdq	evex	256	AVX512F_256	48
vpscatterdq	evex	512	AVX512F_512	48
vpscatterqd	evex	128	AVX512F_128	48
vpscatterqd	evex	256	AVX512F_256	48
vpscatterqd	evex	512	AVX512F_512	48
vpscatterqq	evex	128	AVX512F_128	48
vpscatterqq	evex	256	AVX512F_256	48
vpscatterqq	evex	512	AVX512F_512	48
vpshab	xop	128	XOP	32
vpshad	xop	128	XOP	32
vpshaq	xop	128	XOP	32
vpshaw	xop	128	XOP	32
vpshlb	xop	128	XOP	32
vpshld	xop	128	XOP	32
vpshldd	evex	128	AVX512_VBMI2_128	48
vpshldd	evex	256	AVX512_VBMI2_256	48
vpshldd	evex	512	AVX512_VBMI2_512	48
vpshldq	evex	128	AVX512_VBMI2_128	48
vpshldq	evex	256	AVX512_VBMI2_256	48
vpshldq	evex	512	AVX512_VBMI2_512	48
vpshldvd	evex	128	AVX512_VBMI2_128	48
vpshldvd	evex	256	AVX512_VBMI2_256	48
vpshldvd	evex	512	AVX512_VBMI2_512	48
vpshldvq	evex	128	AVX512_VBMI2_128	48
vpshldvq	evex	256	AVX512_VBMI2_256	48
vpshldvq	evex	512	AVX512_VBMI2_512	48
vpshldvw	evex	128	AVX512_VBMI2_128	48
vpshldvw	evex	256	AVX512_VBMI2_256	48
vpshldvw	evex	512	AVX512_VBMI2_512	48
vpshldw	evex	128	AVX512_VBMI2_128	48
vpshldw	evex	256	AVX512_VBMI2_256	48
vpshldw	evex	512	AVX512_VBMI2_512	48
vpshlq	xop	128	XOP	32
vpshlw	xop	128	XOP	32
vpshrdd	evex	128	AVX512_VBMI2_128	48
vpshrdd	evex	256	AVX512_VBMI2_256	48
vpshrdd	evex	512	AVX512_VBMI2_512	48
vpshrdq	evex	128	AVX512_VBMI2_128	48
vpshrdq	evex	256	AVX512_VBMI2_256	48
vpshrdq	evex	512	AVX512_VBMI2_512	48
vpshrdvd	evex	128	AVX512_VBMI2_128	48
vpshrdvd	evex	256	AVX512_VBMI2_256	48
vpshrdvd	evex	512	AVX512_VBMI2_512	48
vpshrdvq	evex	128	AVX512_VBMI2_128	48
vpshrdvq	evex	256	AVX512_VBMI2_256	48
vpshrdvq	evex	512	AVX512_VBMI2_512	48
vpshrdvw	evex	128	AVX512_VBMI2_128	48
vpshrdvw	evex	256	AVX512_VBMI2_256	48
vpshrdvw	evex	512	AVX512_VBMI2_512	48
vpshrdw	evex	128	AVX512_VBMI2_128	48
vpshrdw	evex	256	AVX512_VBMI2_256	48
vpshrdw	evex	512	AVX512_VBMI2_512	48
vpshufb	evex	128	AVX512BW_128	48
vpshufb	evex	256	AVX512BW_256	48
vpshufb	evex	512	AVX512BW_512	48
vpshufb	vex	128	AVX	48
vpshufb	vex	256	AVX2	48
vpshufbitqmb	evex	128	AVX512_BITALG_128	48
vpshufbitqmb	evex	256	AVX512_BITALG_256	48
vpshufbitqmb	evex	512	AVX512_BITALG_512	48
vpshufd	evex	128	AVX512F_128	48
vpshufd	evex	256	AVX512F_256	48
vpshufd	evex	512	AVX512F_512	48
vpshufd	vex	128	AVX	48
vpshufd	vex	256	AVX2	48
vpshufhw	evex	128	AVX512BW_128	48
vpshufhw	evex	256	AVX512BW_256	48
vpshufhw	evex	512	AVX512BW_512	48
vpshufhw	vex	128	AVX	48
vpshufhw	vex	256	AVX2	48
vpshuflw	evex	128	AVX512BW_128	48
vpshuflw	evex	256	AVX512BW_256	48
vpshuflw	evex	512	AVX512BW_512	48
vpshuflw	vex	128	AVX	48
vpshuflw	vex	256	AVX2	48
vpsignb	vex	128	AVX	48
vpsignb	vex	256	AVX2	48
vpsignd	vex	128	AVX	48
vpsignd	vex	256	AVX2	48
vpsignw	vex	128	AVX	48
vpsignw	vex	256	AVX2	48
vpslld	evex	128	AVX512F_128	48
vpslld	evex	256	AVX512F_256	48
vpslld	evex	512	AVX512F_512	48
vpslld	vex	128	AVX	48
vpslld	vex	256	AVX2	48
vpslldq	evex	128	AVX512BW_128	48
vpslldq	evex	256	AVX512BW_256	48
vpslldq	evex	512	AVX512BW_512	48
vpslldq	vex	128	AVX	48
vpslldq	vex	256	AVX2	48
vpsllq	evex	128	AVX512F_128	48
vpsllq	evex	256	AVX512F_256	48
vpsllq	evex	512	AVX512F_512	48
vpsllq	vex	128	AVX	48
vpsllq	vex	256	AVX2	48
vpsllvd	evex	128	AVX512F_128	48
vpsllvd	evex	256	AVX512F_256	48
vpsllvd	evex	512	AVX512F_512	48
vpsllvd	vex	128	AVX2	48
vpsllvd	vex	256	AVX2	48
vpsllvq	evex	128	AVX512F_128	48
vpsllvq	evex	256	AVX512F_256	48
vpsllvq	evex	512	AVX512F_512	48
vpsllvq	vex	128	AVX2	48
vpsllvq	vex	256	AVX2	48
vpsllvw	evex	128	AVX512BW_128	48
vpsllvw	evex	256	AVX512BW_256	48
vpsllvw	evex	512	AVX512BW_512	48
vpsllw	evex	128	AVX512BW_128	48
vpsllw	evex	256	AVX512BW_256	48
vpsllw	evex	512	AVX512BW_512	48
vpsllw	vex	128	AVX	48
vpsllw	vex	256	AVX2	48
vpsrad	evex	128	AVX512F_128	48
vpsrad	evex	256	AVX512F_256	48
vpsrad	evex	512	AVX512F_512	48
vpsrad	vex	128	AVX	48
vpsrad	vex	256	AVX2	48
vpsraq	evex	128	AVX512F_128	48
vpsraq	evex	256	AVX512F_256	48
vpsraq	evex	512	AVX512F_512	48
vpsravd	evex	128	AVX512F_128	48
vpsravd	evex	256	AVX512F_256	48
vpsravd	evex	512	AVX512F_512	48
vpsravd	vex	128	AVX2	48
vpsravd	vex	256	AVX2	48
vpsravq	evex	128	AVX512F_128	48
vpsravq	evex	256	AVX512F_256	48
vpsravq	evex	512	AVX512F_512	48
vpsravw	evex	128	AVX512BW_128	48
vpsravw	evex	256	AVX512BW_256	48
vpsravw	evex	512	AVX512BW_512	48
vpsraw	evex	128	AVX512BW_128	48
vpsraw	evex	256	AVX512BW_256	48
vpsraw	evex	512	AVX512BW_512	48
vpsraw	vex	128	AVX	48
vpsraw	vex	256	AVX2	48
vpsrld	evex	128	AVX512F_128	48
vpsrld	evex	256	AVX512F_256	48
vpsrld	evex	512	AVX512F_512	48
vpsrld	vex	128	AVX	48
vpsrld	vex	256	AVX2	48
vpsrldq	evex	128	AVX512BW_128	48
vpsrldq	evex	256	AVX512BW_256	48
vpsrldq	evex	512	AVX512BW_512	48
vpsrldq	vex	128	AVX	48
vpsrldq	vex	256	AVX2	48
vpsrlq	evex	128	AVX512F_128	48
vpsrlq	evex	256	AVX512F_256	48
vpsrlq	evex	512	AVX512F_512	48
vpsrlq	vex	128	AVX	48
vpsrlq	vex	256	AVX2	48
vpsrlvd	evex	128	AVX512F_128	48
vpsrlvd	evex	256	AVX512F_256	48
vpsrlvd	evex	512	AVX512F_512	48
vpsrlvd	vex	128	AVX2	48
vpsrlvd	vex	256	AVX2	48
vpsrlvq	evex	128	AVX512F_128	48
vpsrlvq	evex	256	AVX512F_256	48
vpsrlvq	evex	512	AVX512F_512	48
vpsrlvq	vex	128	AVX2	48
vpsrlvq	vex	256	AVX2	48
vpsrlvw	evex	128	AVX512BW_128	48
vpsrlvw	evex	256	AVX512BW_256	48
vpsrlvw	evex	512	AVX512BW_512	48
vpsrlw	evex	128	AVX512BW_128	48
vpsrlw	evex	256	AVX512BW_256	48
vpsrlw	evex	512	AVX512BW_512	48
vpsrlw	vex	128	AVX	48
vpsrlw	vex	256	AVX2	48
vpsubb	evex	128	AVX512BW_128	48
vpsubb	evex	256	AVX512BW_256	48
vpsubb	evex	512	AVX512BW_512	48
vpsubb	vex	128	AVX	48
vpsubb	vex	256	AVX2	48
vpsubd	evex	128	AVX512F_128	48
vpsubd	evex	256	AVX512F_256	48
vpsubd	evex	512	AVX512F_512	48
vpsubd	vex	128	AVX	48
vpsubd	vex	256	AVX2	48
vpsubq	evex	128	AVX512F_128	48
vpsubq	evex	256	AVX512F_256	48
vpsubq	evex	512	AVX512F_512	48
vpsubq	vex	128	AVX	48
vpsubq	vex	256	AVX2	48
vpsubsb	evex	128	AVX512BW_128	48
vpsubsb	evex	256	AVX512BW_256	48
vpsubsb	evex	512	AVX512BW_512	48
vpsubsb	vex	128	AVX	48
vpsubsb	vex	256	AVX2	48
vpsubsw	evex	128	AVX512BW_128	48
vpsubsw	evex	256	AVX512BW_256	48
vpsubsw	evex	512	AVX512BW_512	48
vpsubsw	vex	128	AVX	48
vpsubsw	vex	256	AVX2	48
vpsubusb	evex	128	AVX512BW_128	48
vpsubusb	evex	256	AVX512BW_256	48
vpsubusb	evex	512	AVX512BW_512	48
vpsubusb	vex	128	AVX	48
vpsubusb	vex	256	AVX2	48
vpsubusw	evex	128	AVX512BW_128	48
vpsubusw	evex	256	AVX512BW_256	48
vpsubusw	evex	512	AVX512BW_512	48
vpsubusw	vex	128	AVX	48
vpsubusw	vex	256	AVX2	48
vpsubw	evex	128	AVX512BW_128	48
vpsubw	evex	256	AVX512BW_256	48
vpsubw	evex	512	AVX512BW_512	48
vpsubw	vex	128	AVX	48
vpsubw	vex	256	AVX2	48
vpternlogd	evex	128	AVX512F_128	48
vpternlogd	evex	256	AVX512F_256	48
vpternlogd	evex	512	AVX512F_512	48
vpternlogq	evex	128	AVX512F_128	48
vpternlogq	evex	256	AVX512F_256	48
vpternlogq	evex	512	AVX512F_512	48
vptest	vex	128	AVX	48
vptest	vex	256	AVX	48
vptestmb	evex	128	AVX512BW_128	48
vptestmb	evex	256	AVX512BW_256	48
vptestmb	evex	512	AVX512BW_512	48
vptestmd	evex	128	AVX512F_128	48
vptestmd	evex	256	AVX512F_256	48
vptestmd	evex	512	AVX512F_512	48
vptestmq	evex	128	AVX512F_128	48
vptestmq	evex	256	AVX512F_256	48
vptestmq	evex	512	AVX512F_512	48
vptestmw	evex	128	AVX512BW_128	48
vptestmw	evex	256	AVX512BW_256	48
vptestmw	evex	512	AVX512BW_512	48
vptestnmb	evex	128	AVX512BW_128	48
vptestnmb	evex	256	AVX512BW_256	48
vptestnmb	evex	512	AVX512BW_512	48
vptestnmd	evex	128	AVX512F_128	48
vptestnmd	evex	256	AVX512F_256	48
vptestnmd	evex	512	AVX512F_512	48
vptestnmq	evex	128	AVX512F_128	48
vptestnmq	evex	256	AVX512F_256	48
vptestnmq	evex	512	AVX512F_512	48
vptestnmw	evex	128	AVX512BW_128	48
vptestnmw	evex	256	AVX512BW_256	48
vptestnmw	evex	512	AVX512BW_512	48
vpunpckhbw	evex	128	AVX512BW_128	48
vpunpckhbw	evex	256	AVX512BW_256	48
vpunpckhbw	evex	512	AVX512BW_512	48
vpunpckhbw	vex	128	AVX	48
vpunpckhbw	vex	256	AVX2	48
vpunpckhdq	evex	128	AVX512F_128	48
vpunpckhdq	evex	256	AVX512F_256	48
vpunpckhdq	evex	512	AVX512F_512	48
vpunpckhdq	vex	128	AVX	48
vpunpckhdq	vex	256	AVX2	48
vpunpckhqdq	evex	128	AVX512F_128	48
vpunpckhqdq	evex	256	AVX512F_256	48
vpunpckhqdq	evex	512	AVX512F_512	48
vpunpckhqdq	vex	128	AVX	48
vpunpckhqdq	vex	256	AVX2	48
vpunpckhwd	evex	128	AVX512BW_128	48
vpunpckhwd	evex	256	AVX512BW_256	48
vpunpckhwd	evex	512	AVX512BW_512	48
vpunpckhwd	vex	128	AVX	48
vpunpckhwd	vex	256	AVX2	48
vpunpcklbw	evex	128	AVX512BW_128	48
vpunpcklbw	evex	256	AVX512BW_256	48
vpunpcklbw	evex	512	AVX512BW_512	48
vpunpcklbw	vex	128	AVX	48
vpunpcklbw	vex	256	AVX2	48
vpunpckldq	evex	128	AVX512F_128	48
vpunpckldq	evex	256	AVX512F_256	48
vpunpckldq	evex	512	AVX512F_512	48
vpunpckldq	vex	128	AVX	48
vpunpckldq	vex	256	AVX2	48
vpunpcklqdq	evex	128	AVX512F_128	48
vpunpcklqdq	evex	256	AVX512F_256	48
vpunpcklqdq	evex	512	AVX512F_512	48
vpunpcklqdq	vex	128	AVX	48
vpunpcklqdq	vex	256	AVX2	48
vpunpcklwd	evex	128	AVX512BW_128	48
vpunpcklwd	evex	256	AVX512BW_256	48
vpunpcklwd	evex	512	AVX512BW_512	48
vpunpcklwd	vex	128	AVX	48
vpunpcklwd	vex	256	AVX2	48
vpxor	vex	128	AVX	48
vpxor	vex	256	AVX2	48
vpxord	evex	128	AVX512F_128	48
vpxord	evex	256	AVX512F_256	48
vpxord	evex	512	AVX512F_512	48
vpxorq	evex	128	AVX512F_128	48
vpxorq	evex	256	AVX512F_256	48
vpxorq	evex	512	AVX512F_512	48
vrangepd	evex	128	AVX512DQ_128	48
vrangepd	evex	256	AVX512DQ_256	48
vrangepd	evex	512	AVX512DQ_512	48
vrangeps	evex	128	AVX512DQ_128	48
vrangeps	evex	256	AVX512DQ_256	48
vrangeps	evex	512	AVX512DQ_512	48
vrangesd	evex	128	AVX512DQ_SCALAR	48
vrangess	evex	128	AVX512DQ_SCALAR	48
vrcp14pd	evex	128	AVX512F_128	48
vrcp14pd	evex	256	AVX512F_256	48
vrcp14pd	evex	512	AVX512F_512	48
vrcp14ps	evex	128	AVX512F_128	48
vrcp14ps	evex	256	AVX512F_256	48
vrcp14ps	evex	512	AVX512F_512	48
vrcp14sd	evex	128	AVX512F_SCALAR	48
vrcp14ss	evex	128	AVX512F_SCALAR	48
vrcp28pd	evex	512	AVX512ER_512	32
vrcp28ps	evex	512	AVX512ER_512	32
vrcp28sd	evex	128	AVX512ER_SCALAR	32
vrcp28ss	evex	128	AVX512ER_SCALAR	32
vrcpbf16	evex	128	AVX10_2_BF16_128	40
vrcpbf16	evex	256	AVX10_2_BF16_256	40
vrcpbf16	evex	512	AVX10_2_BF16_512	40
vrcpph	evex	128	AVX512_FP16_128	56
vrcpph	evex	256	AVX512_FP16_256	56
vrcpph	evex	512	AVX512_FP16_512	56
vrcpps	vex	128	AVX	48
vrcpps	vex	256	AVX	48
vrcpsh	evex	128	AVX512_FP16_SCALAR	56
vrcpss	vex	128	AVX	48
vreducebf16	evex	128	AVX10_2_BF16_128	40
vreducebf16	evex	256	AVX10_2_BF16_256	40
vreducebf16	evex	512	AVX10_2_BF16_512	40
vreducepd	evex	128	AVX512DQ_128	48
vreducepd	evex	256	AVX512DQ_256	48
vreducepd	evex	512	AVX512DQ_512	48
vreduceph	evex	128	AVX512_FP16_128	56
vreduceph	evex	256	AVX512_FP16_256	56
vreduceph	evex	512	AVX512_FP16_512	56
vreduceps	evex	128	AVX512DQ_128	48
vreduceps	evex	256	AVX512DQ_256	48
vreduceps	evex	512	AVX512DQ_512	48
vreducesd	evex	128	AVX512DQ_SCALAR	48
vreducesh	evex	128	AVX512_FP16_SCALAR	56
vreducess	evex	128	AVX512DQ_SCALAR	48
vrndscalebf16	evex	128	AVX10_2_BF16_128	40
vrndscalebf16	evex	256	AVX10_2_BF16_256	40
vrndscalebf16	evex	512	AVX10_2_BF16_512	40
vrndscalepd	evex	128	AVX512F_128	48
vrndscalepd	evex	256	AVX512F_256	48
vrndscalepd	evex	512	AVX512F_512	48
vrndscaleph	evex	128	AVX512_FP16_128	56
vrndscaleph	evex	256	AVX512_FP16_256	56
vrndscaleph	evex	512	AVX512_FP16_512	56
vrndscaleps	evex	128	AVX512F_128	48
vrndscaleps	evex	256	AVX512F_256	48
vrndscaleps	evex	512	AVX512F_512	48
vrndscalesd	evex	128	AVX512F_SCALAR	48
vrndscalesh	evex	128	AVX512_FP16_SCALAR	56
vrndscaless	evex	128	AVX512F_SCALAR	48
vroundpd	vex	128	AVX	48
vroundpd	vex	256	AVX	48
vroundps	vex	128	AVX	48
vroundps	vex	256	AVX	48
vroundsd	vex	128	AVX	48
vroundss	vex	128	AVX	48
vrsqrt14pd	evex	128	AVX512F_128	48
vrsqrt14pd	evex	256	AVX512F_256	48
vrsqrt14pd	evex	512	AVX512F_512	48
vrsqrt14ps	evex	128	AVX512F_128	48
vrsqrt14ps	evex	256	AVX512F_256	48
vrsqrt14ps	evex	512	AVX512F_512	48
vrsqrt14sd	evex	128	AVX512F_SCALAR	48
vrsqrt14ss	evex	128	AVX512F_SCALAR	48
vrsqrt28pd	evex	512	AVX512ER_512	32
vrsqrt28ps	evex	512	AVX512ER_512	32
vrsqrt28sd	evex	128	AVX512ER_SCALAR	32
vrsqrt28ss	evex	128	AVX512ER_SCALAR	32
vrsqrtbf16	evex	128	AVX10_2_BF16_128	40
vrsqrtbf16	evex	256	AVX10_2_BF16_256	40
vrsqrtbf16	evex	512	AVX10_2_BF16_512	40
vrsqrtph	evex	128	AVX512_FP16_128	56
vrsqrtph	evex	256	AVX512_FP16_256	56
vrsqrtph	evex	512	AVX512_FP16_512	56
vrsqrtps	vex	128	AVX	48
vrsqrtps	vex	256	AVX	48
vrsqrtsh	evex	128	AVX512_FP16_SCALAR	56
vrsqrtss	vex	128	AVX	48
vscalefbf16	evex	128	AVX10_2_BF16_128	40
vscalefbf16	evex	256	AVX10_2_BF16_256	40
vscalefbf16	evex	512	AVX10_2_BF16_512	40
vscalefpd	evex	128	AVX512F_128	48
vscalefpd	evex	256	AVX512F_256	48
vscalefpd	evex	512	AVX512F_512	48
vscalefph	evex	128	AVX512_FP16_128	56
vscalefph	evex	256	AVX512_FP16_256	56
vscalefph	evex	512	AVX512_FP16_512	56
vscalefps	evex	128	AVX512F_128	48
vscalefps	evex	256	AVX512F_256	48
vscalefps	evex	512	AVX512F_512	48
vscalefsd	evex	128	AVX512F_SCALAR	48
vscalefsh	evex	128	AVX512_FP16_SCALAR	56
vscalefss	evex	128	AVX512F_SCALAR	48
vscatterdpd	evex	128	AVX512F_128	48
vscatterdpd	evex	256	AVX512F_256	48
vscatterdpd	evex	512	AVX512F_512	48
vscatterdps	evex	128	AVX512F_128	48
vscatterdps	evex	256	AVX512F_256	48
vscatterdps	evex	512	AVX512F_512	48
vscatterpf0dpd	evex	512	AVX512PF_512	32
vscatterpf0dps	evex	512	AVX512PF_512	32
vscatterpf0qpd	evex	512	AVX512PF_512	32
vscatterpf0qps	evex	512	AVX512PF_512	32
vscatterpf1dpd	evex	512	AVX512PF_512	32
vscatterpf1dps	evex	512	AVX512PF_512	32
vscatterpf1qpd	evex	512	AVX512PF_512	32
vscatterpf1qps	evex	512	AVX512PF_512	32
vscatterqpd	evex	128	AVX512F_128	48
vscatterqpd	evex	256	AVX512F_256	48
vscatterqpd	evex	512	AVX512F_512	48
vscatterqps	evex	128	AVX512F_128	48
vscatterqps	evex	256	AVX512F_256	48
vscatterqps	evex	512	AVX512F_512	48
vsha512msg1	vex	256	SHA512	56
vsha512msg2	vex	256	SHA512	56
vsha512rnds2	vex	256	SHA512	56
vshuff32x4	evex	256	AVX512F_256	48
vshuff32x4	evex	512	AVX512F_512	32
vshuff64x2	evex	256	AVX512F_256	48
vshuff64x2	evex	512	AVX512F_512	32
vshufi32x4	evex	256	AVX512F_256	48
vshufi32x4	evex	512	AVX512F_512	32
vshufi64x2	evex	256	AVX512F_256	48
vshufi64x2	evex	512	AVX512F_512	32
vshufpd	evex	128	AVX512F_128	48
vshufpd	evex	256	AVX512F_256	48
vshufpd	evex	512	AVX512F_512	48
vshufpd	vex	128	AVX	48
vshufpd	vex	256	AVX	48
vshufps	evex	128	AVX512F_128	48
vshufps	evex	256	AVX512F_256	48
vshufps	evex	512	AVX512F_512	48
vshufps	vex	128	AVX	48
vshufps	vex	256	AVX	48
vsm3msg1	vex	128	SM3	56
vsm3msg2	vex	128	SM3	56
vsm3rnds2	vex	128	SM3	56
vsm4key4	evex	128	SM4_128	40
vsm4key4	evex	256	SM4_256	40
vsm4key4	evex	512	SM4_512	40
vsm4key4	vex	128	SM4	56
vsm4key4	vex	256	SM4	56
vsm4rnds4	evex	128	SM4_128	40
vsm4rnds4	evex	256	SM4_256	40
vsm4rnds4	evex	512	SM4_512	40
vsm4rnds4	vex	128	SM4	56
vsm4rnds4	vex	256	SM4	56
vsqrtbf16	evex	128	AVX10_2_BF16_128	40
vsqrtbf16	evex	256	AVX10_2_BF16_256	40
vsqrtbf16	evex	512	AVX10_2_BF16_512	40
vsqrtpd	evex	128	AVX512F_128	48
vsqrtpd	evex	256	AVX512F_256	48
vsqrtpd	evex	512	AVX512F_512	48
vsqrtpd	vex	128	AVX	48
vsqrtpd	vex	256	AVX	48
vsqrtph	evex	128	AVX512_FP16_128	56
vsqrtph	evex	256	AVX512_FP16_256	56
vsqrtph	evex	512	AVX512_FP16_512	56
vsqrtps	evex	128	AVX512F_128	48
vsqrtps	evex	256	AVX512F_256	48
vsqrtps	evex	512	AVX512F_512	48
vsqrtps	vex	128	AVX	48
vsqrtps	vex	256	AVX	48
vsqrtsd	evex	128	AVX512F_SCALAR	48
vsqrtsd	vex	128	AVX	48
vsqrtsh	evex	128	AVX512_FP16_SCALAR	56
vsqrtss	evex	128	AVX512F_SCALAR	48
vsqrtss	vex	128	AVX	48
vstmxcsr	vex	0	AVX	48
vsubbf16	evex	128	AVX10_2_BF16_128	40
vsubbf16	evex	256	AVX10_2_BF16_256	40
vsubbf16	evex	512	AVX10_2_BF16_512	40
vsubpd	evex	128	AVX512F_128	48
vsubpd	evex	256	AVX512F_256	48
vsubpd	evex	512	AVX512F_512	48
vsubpd	vex	128	AVX	48
vsubpd	vex	256	AVX	48
vsubph	evex	128	AVX512_FP16_128	56
vsubph	evex	256	AVX512_FP16_256	56
vsubph	evex	512	AVX512_FP16_512	56
vsubps	evex	128	AVX512F_128	48
vsubps	evex	256	AVX512F_256	48
vsubps	evex	512	AVX512F_512	48
vsubps	vex	128	AVX	48
vsubps	vex	256	AVX	48
vsubsd	evex	128	AVX512F_SCALAR	48
vsubsd	vex	128	AVX	48
vsubsh	evex	128	AVX512_FP16_SCALAR	56
vsubss	evex	128	AVX512F_SCALAR	48
vsubss	vex	128	AVX	48
vtestpd	vex	128	AVX	48
vtestpd	vex	256	AVX	48
vtestps	vex	128	AVX	48
vtestps	vex	256	AVX	48
vucomisd	evex	128	AVX512F_SCALAR	48
vucomisd	vex	128	AVX	48
vucomish	evex	128	AVX512_FP16_SCALAR	56
vucomiss	evex	128	AVX512F_SCALAR	48
vucomiss	vex	128	AVX	48
vucomxsd	evex	128	AVX512_COM_EF_SCALAR	40
vucomxsh	evex	128	AVX512_COM_EF_SCALAR	40
vucomxss	evex	128	AVX512_COM_EF_SCALAR	40
vunpackb	evex	128	AVX10_V2_AUX_128	40
vunpackb	evex	256	AVX10_V2_AUX_256	40
vunpackb	evex	512	AVX10_V2_AUX_512	40
vunpckhpd	evex	128	AVX512F_128	48
vunpckhpd	evex	256	AVX512F_256	48
vunpckhpd	evex	512	AVX512F_512	48
vunpckhpd	vex	128	AVX	48
vunpckhpd	vex	256	AVX	48
vunpckhps	evex	128	AVX512F_128	48
vunpckhps	evex	256	AVX512F_256	48
vunpckhps	evex	512	AVX512F_512	48
vunpckhps	vex	128	AVX	48
vunpckhps	vex	256	AVX	48
vunpcklpd	evex	128	AVX512F_128	48
vunpcklpd	evex	256	AVX512F_256	48
vunpcklpd	evex	512	AVX512F_512	48
vunpcklpd	vex	128	AVX	48
vunpcklpd	vex	256	AVX	48
vunpcklps	evex	128	AVX512F_128	48
vunpcklps	evex	256	AVX512F_256	48
vunpcklps	evex	512	AVX512F_512	48
vunpcklps	vex	128	AVX	48
vunpcklps	vex	256	AVX	48
vxorpd	evex	128	AVX512DQ_128	48
vxorpd	evex	256	AVX512DQ_256	48
vxorpd	evex	512	AVX512DQ_512	48
vxorpd	vex	128	AVX	48
vxorpd	vex	256	AVX	48
vxorps	evex	128	AVX512DQ_128	48
vxorps	evex	256	AVX512DQ_256	48
vxorps	evex	512	AVX512DQ_512	48
vxorps	vex	128	AVX	48
vxorps	vex	256	AVX	48
vzeroall	vex	0	AVX	48
vzeroupper	vex	0	AVX	48
wait	legacy	0	X87	48
wbinvd	legacy	0	I486REAL	49
wbnoinvd	legacy	0	WBNOINVD	49
wrfsbase	legacy	0	RDWRFSGS	52
wrgsbase	legacy	0	RDWRFSGS	52
wrmsr	legacy	0	PENTIUMREAL	49
wrmsrlist	legacy	0	MSRLIST	61
wrmsrns	evex	0	APX_F_MSR_IMM	45
wrmsrns	legacy	0	WRMSRNS	57
wrmsrns	vex	0	MSR_IMM	61
wrpkru	legacy	0	PKU	48
wrssd	evex	0	APX_F_CET	36
wrssd	legacy	0	CET	48
wrssq	evex	0	APX_F_CET	36
wrssq	legacy	0	CET	52
wrussd	evex	0	APX_F_CET	37
wrussd	legacy	0	CET	49
wrussq	evex	0	APX_F_CET	37
wrussq	legacy	0	CET	53
xabort	legacy	0	RTM	48
xacquire	legacy	0	HLE	272
xadd	legacy	0	I486REAL	48
xbegin	legacy	0	RTM	48
xchg	legacy	0	I86	48
xcryptcbc	legacy	0	VIA_PADLOCK_AES	32
xcryptcfb	legacy	0	VIA_PADLOCK_AES	32
xcryptctr	legacy	0	VIA_PADLOCK_AES	32
xcryptecb	legacy	0	VIA_PADLOCK_AES	32
xcryptofb	legacy	0	VIA_PADLOCK_AES	32
xend	legacy	0	RTM	48
xgetbv	legacy	0	XSAVE	48
xlatb	legacy	0	I86	48
xor	evex	0	APX_F+APX_F_N3	100
xor	legacy	0	I86	4144
xorpd	legacy	128	SSE2	48
xorps	legacy	128	SSE	48
xrelease	legacy	0	HLE	272
xresldtrk	legacy	0	TSX_LDTRK	56
xrstor	legacy	0	XSAVE	48
xrstor64	legacy	0	XSAVE	48
xrstors	legacy	0	XSAVES	49
xrstors64	legacy	0	XSAVES	49
xsave	legacy	0	XSAVE	48
xsave64	legacy	0	XSAVE	48
xsavec	legacy	0	XSAVEC	48
xsavec64	legacy	0	XSAVEC	48
xsaveopt	legacy	0	XSAVEOPT	48
xsaveopt64	legacy	0	XSAVEOPT	48
xsaves	legacy	0	XSAVES	49
xsaves64	legacy	0	XSAVES	49
xsetbv	legacy	0	XSAVE	49
xsha1	legacy	0	VIA_PADLOCK_SHA	32
xsha256	legacy	0	VIA_PADLOCK_SHA	32
xstore	legacy	0	VIA_PADLOCK_RNG	32
xsusldtrk	legacy	0	TSX_LDTRK	56
xtest	legacy	0	RTM	48
